filename,score
mty1928.jpg,3.4166666666666665
mty1091.jpg,2.3666666666666667
mty1425.jpg,2.316666666666667
fty682.jpg,3.85
fty135.jpg,2.8833333333333333
fty284.jpg,3.1166666666666667
fty1329.jpg,3.4166666666666665
mty1650.jpg,4.1
mty1839.jpg,2.6166666666666667
mty1152.jpg,2.033333333333333
fty998.jpg,3.35
mty502.jpg,2.6333333333333333
mty1315.jpg,2.433333333333333
fty1250.jpg,2.433333333333333
fty292.jpg,2.783333333333333
mty1508.jpg,2.6666666666666665
fty128.jpg,2.8666666666666667
mty1422.jpg,2.816666666666667
fty678.jpg,3.8333333333333335
mty667.jpg,2.966666666666667
mty1385.jpg,2.5166666666666666
mty1853.jpg,3.75
mty418.jpg,1.95
mty927.jpg,2.716666666666667
mty1845.jpg,3.683333333333333
fty155.jpg,2.55
fty503.jpg,4.35
mty1639.jpg,4.3
fty923.jpg,2.7666666666666666
mty679.jpg,2.283333333333333
mty11.jpg,4.15
fty58.jpg,2.6666666666666665
fty1950.jpg,2.816666666666667
mty1514.jpg,2.8666666666666667
mty1432.jpg,2.7333333333333334
mty1757.jpg,4.2
mty275.jpg,2.55
fty1173.jpg,2.216666666666667
fty1539.jpg,1.6166666666666667
fty1372.jpg,3.1333333333333333
mty957.jpg,2.05
mty319.jpg,2.95
fty711.jpg,2.6666666666666665
mty954.jpg,2.783333333333333
mty1097.jpg,2.216666666666667
mty1968.jpg,4.233333333333333
fty1769.jpg,3.8333333333333335
mty1095.jpg,4.15
mty1409.jpg,3.1
fty1937.jpg,3.2
fty832.jpg,2.966666666666667
mty585.jpg,2.7
mty942.jpg,2.8666666666666667
mty1603.jpg,4.216666666666667
fty1423.jpg,3.733333333333333
fty1862.jpg,3.033333333333333
mty1841.jpg,2.4
mty371.jpg,2.716666666666667
mty1923.jpg,2.433333333333333
fty605.jpg,2.6666666666666665
fty724.jpg,4.283333333333333
fty620.jpg,2.5
mty1301.jpg,2.6166666666666667
mty353.jpg,2.533333333333333
mty1318.jpg,2.65
mty844.jpg,2.533333333333333
mty578.jpg,2.316666666666667
mty136.jpg,2.566666666666667
fty138.jpg,2.4166666666666665
fty770.jpg,3.566666666666667
mty161.jpg,2.433333333333333
fty290.jpg,2.466666666666667
fty1433.jpg,3.216666666666667
fty1560.jpg,3.983333333333333
fty749.jpg,2.566666666666667
fty1712.jpg,3.5
fty1755.jpg,4.1
fty636.jpg,3.583333333333333
mty1215.jpg,2.3
mty1434.jpg,2.3833333333333333
mty530.jpg,2.6
fty1557.jpg,3.533333333333333
fty790.jpg,2.9166666666666665
fty893.jpg,2.8
fty784.jpg,3.4
mty1828.jpg,2.6
mty299.jpg,2.816666666666667
fty883.jpg,3.1666666666666665
fty482.jpg,2.7333333333333334
mty775.jpg,2.6166666666666667
fty20.jpg,2.7333333333333334
mty1835.jpg,3.616666666666666
mty780.jpg,2.8
mty792.jpg,2.1
mty81.jpg,3.966666666666667
fty416.jpg,2.533333333333333
mty1978.jpg,3.3
mty151.jpg,4.033333333333333
mty801.jpg,2.816666666666667
fty1120.jpg,2.9
mty757.jpg,3.0166666666666666
fty772.jpg,4.133333333333334
mty577.jpg,2.783333333333333
fty1216.jpg,2.783333333333333
fty1279.jpg,4.133333333333334
mty1765.jpg,4.3
fty533.jpg,2.8
mty1212.jpg,2.466666666666667
fty662.jpg,2.933333333333333
mty461.jpg,2.316666666666667
fty132.jpg,2.2333333333333334
mty1435.jpg,2.683333333333333
fty62.jpg,2.6333333333333333
mty879.jpg,2.816666666666667
mty142.jpg,3.083333333333333
mty1401.jpg,2.4
fty1875.jpg,2.2333333333333334
mty383.jpg,2.8833333333333333
mty163.jpg,2.1166666666666667
fty323.jpg,2.5166666666666666
mty1494.jpg,2.7
fty517.jpg,2.283333333333333
mty1311.jpg,2.8666666666666667
fty330.jpg,3.25
fty1134.jpg,3.333333333333333
fty1606.jpg,3.1666666666666665
mty1295.jpg,2.2333333333333334
mty1659.jpg,3.05
mty1503.jpg,2.4166666666666665
fty329.jpg,3.1333333333333333
fty849.jpg,2.6666666666666665
fty520.jpg,1.6666666666666667
fty1345.jpg,4.083333333333333
fty221.jpg,2.433333333333333
mty1860.jpg,2.333333333333333
fty1205.jpg,4.133333333333334
fty307.jpg,2.466666666666667
fty157.jpg,2.3666666666666667
fty1879.jpg,3.8
fty1903.jpg,4.066666666666666
fty1649.jpg,3.283333333333333
fty680.jpg,2.1166666666666667
mty590.jpg,2.75
mty281.jpg,2.25
fty1036.jpg,2.75
mty1879.jpg,3.7666666666666666
mty558.jpg,2.7666666666666666
fty712.jpg,2.6166666666666667
mty676.jpg,2.8
fty1060.jpg,2.433333333333333
fty900.jpg,2.9
fty1708.jpg,2.75
mty673.jpg,2.9
fty617.jpg,2.4833333333333334
fty560.jpg,2.283333333333333
fty24.jpg,2.433333333333333
fty1876.jpg,2.85
fty544.jpg,2.216666666666667
mty1455.jpg,1.75
fty1605.jpg,3.466666666666667
mty421.jpg,3.8
fty1136.jpg,3.3666666666666667
mty1919.jpg,2.8666666666666667
fty1959.jpg,1.0333333333333334
mty916.jpg,2.6666666666666665
mty917.jpg,2.816666666666667
fty888.jpg,2.783333333333333
fty236.jpg,3.9
fty873.jpg,2.933333333333333
mty1057.jpg,2.316666666666667
fty1064.jpg,3.8833333333333333
fty1390.jpg,4.133333333333334
mty910.jpg,2.1
fty427.jpg,2.333333333333333
fty535.jpg,2.583333333333333
mty1744.jpg,3.2333333333333334
mty683.jpg,2.9833333333333334
mty1410.jpg,2.566666666666667
mty228.jpg,2.5
fty787.jpg,2.3666666666666667
fty373.jpg,2.55
fty440.jpg,2.583333333333333
mty1008.jpg,2.4833333333333334
mty1685.jpg,4.1
fty538.jpg,3.1333333333333333
mty881.jpg,2.4833333333333334
mty1404.jpg,2.9
fty1166.jpg,3.75
mty727.jpg,3.05
mty1904.jpg,1.6333333333333333
mty1586.jpg,3.466666666666667
mty320.jpg,4.316666666666666
mty908.jpg,2.3666666666666667
mty180.jpg,2.6
mty865.jpg,2.716666666666667
fty563.jpg,3.083333333333333
mty911.jpg,2.8
mty481.jpg,2.55
fty1765.jpg,4.0
fty637.jpg,2.7
fty1200.jpg,3.7
mty1701.jpg,4.4
fty761.jpg,2.066666666666667
mty1827.jpg,2.7666666666666666
fty860.jpg,3.8
mty1590.jpg,3.9166666666666665
mty268.jpg,3.0166666666666666
mty691.jpg,2.5166666666666666
mty1202.jpg,2.683333333333333
fty753.jpg,4.016666666666667
mty581.jpg,3.066666666666667
mty1131.jpg,2.35
mty10.jpg,1.1666666666666667
fty899.jpg,2.6166666666666667
mty1819.jpg,3.35
fty780.jpg,3.066666666666667
mty149.jpg,2.683333333333333
fty1599.jpg,3.466666666666667
fty391.jpg,1.35
mty1958.jpg,2.4166666666666665
fty1778.jpg,2.083333333333333
fty85.jpg,2.783333333333333
mty924.jpg,2.9
mty995.jpg,2.7
mty1352.jpg,2.6333333333333333
mty116.jpg,3.9166666666666665
mty1484.jpg,2.533333333333333
mty1040.jpg,2.1333333333333333
fty1963.jpg,2.6666666666666665
fty111.jpg,2.75
mty1931.jpg,3.8333333333333335
fty1007.jpg,2.7
fty962.jpg,3.983333333333333
fty842.jpg,2.683333333333333
fty594.jpg,2.466666666666667
fty1651.jpg,1.8
mty237.jpg,2.0166666666666666
mty449.jpg,2.3666666666666667
mty1056.jpg,2.683333333333333
fty1872.jpg,3.033333333333333
fty1496.jpg,3.683333333333333
mty1644.jpg,4.083333333333333
mty802.jpg,2.85
mty1523.jpg,2.0
fty862.jpg,4.266666666666667
mty359.jpg,2.3666666666666667
fty621.jpg,2.783333333333333
mty1651.jpg,3.783333333333333
fty1904.jpg,3.866666666666666
fty936.jpg,2.5
mty197.jpg,2.466666666666667
fty920.jpg,2.6
fty1519.jpg,3.933333333333333
mty1864.jpg,3.983333333333333
mty524.jpg,2.4
mty968.jpg,2.2333333333333334
fty392.jpg,2.9833333333333334
mty1601.jpg,3.966666666666667
mty532.jpg,2.8
fty1202.jpg,3.333333333333333
mty1014.jpg,1.8666666666666667
mty725.jpg,2.95
mty346.jpg,2.583333333333333
fty483.jpg,2.7666666666666666
mty1935.jpg,4.316666666666666
mty179.jpg,2.433333333333333
mty692.jpg,2.433333333333333
mty277.jpg,2.55
mty1625.jpg,3.3833333333333333
mty55.jpg,3.9
mty399.jpg,2.8833333333333333
fty1721.jpg,2.933333333333333
fty37.jpg,2.1666666666666665
fty1988.jpg,1.9666666666666663
fty1683.jpg,4.333333333333333
mty1903.jpg,2.6333333333333333
mty1073.jpg,2.2
fty1514.jpg,4.033333333333333
mty1110.jpg,2.6
mty373.jpg,2.4166666666666665
mty453.jpg,2.7333333333333334
fty1685.jpg,3.8333333333333335
mty1143.jpg,2.35
mty677.jpg,2.6
fty767.jpg,2.7666666666666666
mty431.jpg,3.083333333333333
mty23.jpg,3.6333333333333333
fty861.jpg,3.15
fty435.jpg,1.6833333333333331
fty1272.jpg,3.9
mty790.jpg,2.2666666666666666
fty225.jpg,3.716666666666667
fty702.jpg,3.316666666666667
mty1348.jpg,2.35
fty1440.jpg,3.6333333333333333
mty816.jpg,2.45
fty1914.jpg,3.966666666666667
fty1637.jpg,3.983333333333333
fty939.jpg,1.9666666666666663
mty832.jpg,2.1
mty1614.jpg,4.116666666666666
mty1775.jpg,4.45
fty1789.jpg,3.65
mty1257.jpg,2.6
mty184.jpg,2.0
fty1975.jpg,2.1166666666666667
fty1620.jpg,3.8833333333333333
fty937.jpg,2.85
mty820.jpg,2.85
fty509.jpg,2.6333333333333333
fty1012.jpg,2.7666666666666666
mty528.jpg,2.9
mty894.jpg,2.716666666666667
mty1103.jpg,3.1166666666666667
fty1254.jpg,3.6666666666666665
fty1393.jpg,3.566666666666667
mty1910.jpg,3.466666666666667
mty1386.jpg,3.2666666666666666
fty1947.jpg,3.466666666666667
mty594.jpg,2.216666666666667
fty98.jpg,2.0
fty1796.jpg,2.083333333333333
mty1951.jpg,2.95
mty1880.jpg,2.5
fty644.jpg,2.6
fty1212.jpg,3.8833333333333333
fty742.jpg,2.6166666666666667
fty1137.jpg,2.7
mty286.jpg,1.9166666666666667
fty101.jpg,2.35
mty45.jpg,4.266666666666667
fty130.jpg,2.5166666666666666
mty1108.jpg,3.033333333333333
mty1214.jpg,2.833333333333333
fty1598.jpg,3.583333333333333
mty721.jpg,2.833333333333333
mty1673.jpg,3.616666666666666
fty635.jpg,2.9
fty1199.jpg,4.116666666666666
fty213.jpg,3.866666666666666
fty839.jpg,3.2666666666666666
mty1439.jpg,2.5166666666666666
fty56.jpg,3.316666666666667
mty1356.jpg,2.3833333333333333
mty1317.jpg,2.583333333333333
mty940.jpg,2.5
mty1016.jpg,1.8166666666666669
mty1377.jpg,2.216666666666667
fty1573.jpg,3.583333333333333
mty1403.jpg,2.816666666666667
fty1418.jpg,2.966666666666667
mty385.jpg,2.45
fty1985.jpg,4.183333333333334
mty1782.jpg,3.0
mty1663.jpg,2.4833333333333334
fty825.jpg,2.9166666666666665
mty1558.jpg,1.9166666666666667
fty1861.jpg,3.8833333333333333
mty297.jpg,2.1666666666666665
mty1398.jpg,2.6666666666666665
fty502.jpg,2.6166666666666667
fty1954.jpg,2.783333333333333
fty1936.jpg,3.4833333333333334
mty1194.jpg,2.7333333333333334
fty1528.jpg,3.3833333333333333
mty156.jpg,4.0
mty1414.jpg,2.65
mty1085.jpg,2.783333333333333
mty762.jpg,4.483333333333333
mty1180.jpg,2.75
mty1371.jpg,2.65
fty1714.jpg,3.8
fty1038.jpg,2.65
fty1174.jpg,4.5
fty1564.jpg,3.983333333333333
mty413.jpg,3.25
mty752.jpg,2.35
mty424.jpg,2.9166666666666665
mty1289.jpg,2.65
fty301.jpg,2.5166666666666666
mty539.jpg,2.4
mty1560.jpg,2.833333333333333
fty1949.jpg,4.016666666666667
fty1131.jpg,3.066666666666667
fty783.jpg,4.316666666666666
fty1946.jpg,1.7
fty1186.jpg,2.2
fty1260.jpg,3.716666666666667
fty1287.jpg,3.3
mty835.jpg,2.566666666666667
mty1566.jpg,4.2
mty1181.jpg,2.4833333333333334
mty1532.jpg,2.7
fty229.jpg,2.933333333333333
fty1999.jpg,2.7333333333333334
mty1585.jpg,3.983333333333333
mty1591.jpg,4.35
fty441.jpg,3.0
fty1421.jpg,3.1666666666666665
mty1703.jpg,3.533333333333333
fty1274.jpg,3.1166666666666667
mty1454.jpg,2.6166666666666667
fty851.jpg,2.25
fty1368.jpg,3.083333333333333
fty764.jpg,2.6
fty1893.jpg,3.083333333333333
fty1497.jpg,2.85
mty1137.jpg,3.0
mty459.jpg,2.55
mty1850.jpg,2.2333333333333334
fty1320.jpg,4.166666666666667
fty19.jpg,3.033333333333333
fty88.jpg,2.4
fty5.jpg,2.0
fty359.jpg,2.083333333333333
mty1382.jpg,2.1166666666666667
mty1784.jpg,3.5166666666666666
mty1035.jpg,2.066666666666667
fty494.jpg,2.3
mty16.jpg,3.9166666666666665
mty1704.jpg,4.4
mty153.jpg,2.8
fty174.jpg,2.083333333333333
mty1323.jpg,2.95
fty218.jpg,2.25
fty1788.jpg,4.083333333333333
mty195.jpg,1.7666666666666666
mty689.jpg,2.9
fty844.jpg,2.7666666666666666
fty1540.jpg,1.3833333333333333
mty1394.jpg,2.583333333333333
fty807.jpg,2.966666666666667
mty87.jpg,3.6333333333333333
mty1707.jpg,3.533333333333333
fty1443.jpg,3.2
fty295.jpg,2.1333333333333333
mty1096.jpg,3.4166666666666665
fty235.jpg,2.65
mty1243.jpg,2.566666666666667
fty932.jpg,3.1333333333333333
fty1808.jpg,3.8
mty1120.jpg,2.5166666666666666
mty664.jpg,2.4833333333333334
mty175.jpg,2.683333333333333
fty1095.jpg,2.6666666666666665
mty975.jpg,2.716666666666667
mty849.jpg,2.4166666666666665
fty1139.jpg,2.8833333333333333
mty111.jpg,1.25
fty353.jpg,2.3833333333333333
fty1378.jpg,2.7
fty1040.jpg,2.2333333333333334
fty18.jpg,2.566666666666667
mty181.jpg,2.5166666666666666
mty265.jpg,2.316666666666667
fty1616.jpg,2.783333333333333
fty1088.jpg,3.866666666666666
fty59.jpg,2.083333333333333
fty1140.jpg,3.9
fty122.jpg,2.2666666666666666
mty720.jpg,2.85
fty465.jpg,2.3833333333333333
mty883.jpg,2.283333333333333
fty914.jpg,3.783333333333333
fty1246.jpg,3.066666666666667
fty700.jpg,1.85
mty1314.jpg,2.6
mty1570.jpg,4.133333333333334
fty889.jpg,2.583333333333333
fty375.jpg,2.283333333333333
mty743.jpg,2.816666666666667
fty1740.jpg,4.2
mty1015.jpg,2.333333333333333
fty1409.jpg,3.5
fty748.jpg,2.75
fty475.jpg,1.85
fty192.jpg,2.1666666666666665
mty867.jpg,3.5166666666666666
mty29.jpg,3.566666666666667
fty956.jpg,3.35
mty1694.jpg,3.1666666666666665
fty1006.jpg,3.45
fty1588.jpg,3.933333333333333
fty1677.jpg,3.25
fty1515.jpg,3.8
fty1503.jpg,2.9166666666666665
fty1523.jpg,3.8
fty1667.jpg,3.8
fty929.jpg,3.8
fty1811.jpg,3.3
fty1155.jpg,2.7666666666666666
fty246.jpg,3.2
fty1419.jpg,3.816666666666667
fty1491.jpg,4.2
fty576.jpg,2.55
fty1813.jpg,3.8833333333333333
fty1686.jpg,3.616666666666666
mty1600.jpg,4.233333333333333
fty877.jpg,3.95
fty402.jpg,3.466666666666667
mty1934.jpg,4.466666666666667
mty632.jpg,2.7666666666666666
fty1367.jpg,3.083333333333333
mty1241.jpg,2.3
fty1446.jpg,3.7666666666666666
fty1083.jpg,4.4
mty723.jpg,2.25
mty511.jpg,2.683333333333333
mty1776.jpg,3.866666666666666
mty630.jpg,3.05
fty1263.jpg,3.1166666666666667
fty1505.jpg,3.033333333333333
fty745.jpg,2.816666666666667
mty126.jpg,1.7666666666666666
mty247.jpg,3.8833333333333333
fty1846.jpg,3.7
fty670.jpg,3.05
mty767.jpg,2.6333333333333333
fty579.jpg,2.5166666666666666
fty1724.jpg,3.716666666666667
mty202.jpg,2.466666666666667
fty673.jpg,3.083333333333333
fty57.jpg,2.216666666666667
mty1691.jpg,4.05
mty828.jpg,2.583333333333333
mty147.jpg,3.816666666666667
fty166.jpg,2.7
mty1018.jpg,2.8833333333333333
mty1049.jpg,2.85
mty169.jpg,1.7666666666666666
fty288.jpg,2.5
mty1017.jpg,2.283333333333333
fty1596.jpg,3.066666666666667
mty878.jpg,2.566666666666667
mty78.jpg,3.083333333333333
fty1561.jpg,3.95
mty1476.jpg,2.6666666666666665
fty1591.jpg,3.7
mty948.jpg,2.9166666666666665
mty37.jpg,3.066666666666667
mty1718.jpg,3.9
fty709.jpg,2.816666666666667
fty815.jpg,1.3166666666666669
mty1420.jpg,2.85
mty1299.jpg,2.6
mty574.jpg,2.716666666666667
mty933.jpg,2.75
mty1501.jpg,2.65
fty1492.jpg,3.5166666666666666
fty338.jpg,3.1
mty233.jpg,2.8
mty238.jpg,2.2
mty1413.jpg,2.833333333333333
fty527.jpg,3.1333333333333333
fty1384.jpg,3.966666666666667
fty1406.jpg,3.7666666666666666
mty1354.jpg,2.0
fty565.jpg,4.05
fty1117.jpg,1.9666666666666663
mty576.jpg,2.4
mty782.jpg,2.716666666666667
mty1082.jpg,2.1333333333333333
fty485.jpg,2.55
fty1639.jpg,3.3666666666666667
fty1221.jpg,4.2
mty1087.jpg,2.0
mty1635.jpg,3.6666666666666665
fty1290.jpg,2.9833333333333334
fty1771.jpg,1.6666666666666667
mty1750.jpg,3.6666666666666665
mty295.jpg,2.55
fty224.jpg,2.683333333333333
mty409.jpg,2.566666666666667
fty279.jpg,3.083333333333333
mty1849.jpg,2.9
fty1581.jpg,4.116666666666666
mty695.jpg,2.683333333333333
mty830.jpg,2.4833333333333334
fty1974.jpg,2.65
mty264.jpg,1.5333333333333334
fty1029.jpg,3.95
mty951.jpg,2.2
fty1825.jpg,4.016666666666667
mty1105.jpg,2.333333333333333
mty1649.jpg,3.55
mty902.jpg,2.8833333333333333
fty79.jpg,2.783333333333333
mty1493.jpg,2.6
fty612.jpg,2.3
mty340.jpg,2.7
mty1426.jpg,2.083333333333333
fty1856.jpg,4.2
mty768.jpg,2.9166666666666665
fty1144.jpg,2.716666666666667
fty206.jpg,2.683333333333333
mty1165.jpg,2.566666666666667
mty544.jpg,3.066666666666667
fty345.jpg,1.5
fty549.jpg,2.183333333333333
mty595.jpg,2.95
mty1933.jpg,3.95
fty550.jpg,2.533333333333333
mty1766.jpg,3.6666666666666665
fty1132.jpg,3.2333333333333334
mty618.jpg,2.716666666666667
fty467.jpg,3.2666666666666666
fty1084.jpg,1.8333333333333333
mty1248.jpg,2.5
mty48.jpg,4.016666666666667
fty1931.jpg,1.8666666666666667
mty1770.jpg,3.3666666666666667
mty1576.jpg,4.316666666666666
fty1543.jpg,3.9
mty1881.jpg,3.683333333333333
mty480.jpg,2.85
fty1078.jpg,3.4833333333333334
mty1104.jpg,1.9833333333333327
mty1739.jpg,2.716666666666667
fty1851.jpg,2.833333333333333
fty1843.jpg,3.5
mty134.jpg,3.983333333333333
fty1536.jpg,3.7
fty1640.jpg,3.866666666666666
mty59.jpg,4.2
mty1540.jpg,2.783333333333333
mty798.jpg,3.066666666666667
mty344.jpg,2.1333333333333333
mty479.jpg,2.183333333333333
fty1160.jpg,3.683333333333333
mty71.jpg,3.566666666666667
fty424.jpg,2.6
mty293.jpg,2.15
fty895.jpg,3.5166666666666666
mty1169.jpg,2.25
mty1452.jpg,2.4833333333333334
mty656.jpg,2.9833333333333334
fty814.jpg,2.9166666666666665
fty276.jpg,2.1333333333333333
fty1243.jpg,2.2
fty885.jpg,4.216666666666667
fty1347.jpg,3.3833333333333333
mty1812.jpg,2.833333333333333
fty1030.jpg,2.316666666666667
fty1845.jpg,1.9666666666666663
mty393.jpg,2.7333333333333334
fty439.jpg,2.783333333333333
fty177.jpg,1.7333333333333334
fty103.jpg,2.6
mty858.jpg,2.833333333333333
fty606.jpg,2.9833333333333334
fty1023.jpg,3.4
mty1633.jpg,3.1333333333333333
mty611.jpg,2.95
mty1284.jpg,2.3666666666666667
mty1986.jpg,2.55
fty437.jpg,3.083333333333333
mty815.jpg,2.433333333333333
mty1077.jpg,2.5
fty985.jpg,1.6
mty306.jpg,3.066666666666667
mty1736.jpg,3.966666666666667
fty1490.jpg,3.65
mty1887.jpg,4.333333333333333
mty603.jpg,2.6166666666666667
mty1463.jpg,2.183333333333333
fty94.jpg,2.8666666666666667
fty318.jpg,2.0166666666666666
mty1699.jpg,4.533333333333333
mty1854.jpg,3.95
fty1952.jpg,3.033333333333333
mty108.jpg,3.9
mty1001.jpg,2.3
mty188.jpg,3.7
fty692.jpg,2.3666666666666667
fty954.jpg,4.0
mty1098.jpg,3.25
mty556.jpg,2.9
mty21.jpg,4.05
fty294.jpg,2.55
mty1954.jpg,3.733333333333333
fty1722.jpg,3.4
mty1161.jpg,2.65
mty1538.jpg,2.816666666666667
mty1020.jpg,3.95
fty1304.jpg,2.333333333333333
mty380.jpg,2.6
fty714.jpg,2.7333333333333334
mty671.jpg,2.15
fty1816.jpg,4.566666666666666
fty799.jpg,3.1166666666666667
mty454.jpg,2.4
mty427.jpg,2.65
mty973.jpg,2.85
fty1459.jpg,4.0
fty1233.jpg,2.7666666666666666
mty645.jpg,2.9
mty182.jpg,2.7333333333333334
fty562.jpg,2.8666666666666667
mty226.jpg,2.6
fty280.jpg,2.583333333333333
mty1010.jpg,2.25
fty1527.jpg,3.8333333333333335
mty1497.jpg,3.0166666666666666
mty1065.jpg,2.1333333333333333
fty534.jpg,2.433333333333333
mty1445.jpg,2.6666666666666665
fty1453.jpg,1.15
fty583.jpg,2.5
mty592.jpg,3.5
fty1690.jpg,3.683333333333333
fty198.jpg,2.433333333333333
mty1221.jpg,2.85
fty179.jpg,2.033333333333333
fty1225.jpg,2.8
mty565.jpg,2.35
mty750.jpg,2.2666666666666666
mty1490.jpg,2.2666666666666666
fty1572.jpg,4.3
mty1950.jpg,3.216666666666667
fty1882.jpg,3.683333333333333
mty436.jpg,3.1666666666666665
fty100.jpg,2.9
fty661.jpg,2.3833333333333333
mty301.jpg,2.6166666666666667
mty730.jpg,2.933333333333333
mty811.jpg,3.066666666666667
fty628.jpg,2.6333333333333333
mty1606.jpg,4.366666666666666
fty162.jpg,2.1166666666666667
mty304.jpg,4.183333333333334
mty1511.jpg,2.4166666666666665
fty664.jpg,2.4
fty573.jpg,2.683333333333333
mty65.jpg,3.083333333333333
mty522.jpg,2.316666666666667
fty312.jpg,2.2333333333333334
mty381.jpg,3.066666666666667
mty1368.jpg,2.716666666666667
mty1840.jpg,3.35
mty1370.jpg,2.9833333333333334
mty1132.jpg,1.9666666666666663
fty204.jpg,2.6666666666666665
mty1270.jpg,2.35
mty1843.jpg,3.466666666666667
mty1258.jpg,2.7
fty1316.jpg,4.05
fty1791.jpg,3.9
mty726.jpg,2.833333333333333
mty626.jpg,2.9
fty1703.jpg,4.016666666666667
fty1733.jpg,4.0
mty1419.jpg,1.8166666666666669
fty286.jpg,2.816666666666667
fty1806.jpg,4.116666666666666
fty287.jpg,1.7
fty1874.jpg,3.316666666666667
fty476.jpg,3.966666666666667
mty53.jpg,3.85
fty568.jpg,2.4166666666666665
fty1473.jpg,2.816666666666667
fty1086.jpg,3.65
mty1741.jpg,3.7666666666666666
mty510.jpg,2.7
mty734.jpg,2.3
fty1992.jpg,3.8333333333333335
fty1905.jpg,3.566666666666667
fty196.jpg,2.95
mty1287.jpg,2.3833333333333333
mty1961.jpg,3.816666666666667
fty545.jpg,3.8833333333333333
mty1543.jpg,2.7333333333333334
mty274.jpg,4.0
fty1019.jpg,2.083333333333333
fty1940.jpg,2.65
fty1042.jpg,3.1166666666666667
fty523.jpg,2.4
mty568.jpg,2.35
fty1859.jpg,1.85
mty1609.jpg,3.65
fty1559.jpg,4.133333333333334
fty1945.jpg,3.066666666666667
fty1575.jpg,3.066666666666667
fty188.jpg,2.8833333333333333
fty1716.jpg,3.45
fty214.jpg,2.683333333333333
mty429.jpg,2.5166666666666666
mty833.jpg,2.2666666666666666
fty1766.jpg,4.066666666666666
fty1350.jpg,1.5333333333333334
mty827.jpg,2.8
fty430.jpg,2.816666666666667
mty407.jpg,2.3833333333333333
mty653.jpg,2.7666666666666666
fty50.jpg,2.583333333333333
mty342.jpg,2.75
mty981.jpg,2.566666666666667
mty550.jpg,2.466666666666667
fty1960.jpg,2.3833333333333333
fty1972.jpg,4.083333333333333
mty498.jpg,2.6333333333333333
fty361.jpg,2.933333333333333
fty881.jpg,4.016666666666667
fty1997.jpg,1.4333333333333331
fty1014.jpg,4.316666666666666
mty817.jpg,2.0
mty1429.jpg,2.5166666666666666
fty1465.jpg,4.033333333333333
mty813.jpg,3.8
fty434.jpg,3.0
mty872.jpg,2.1
mty1145.jpg,4.25
mty976.jpg,1.9166666666666667
mty562.jpg,2.9833333333333334
mty471.jpg,2.4166666666666665
fty831.jpg,2.3833333333333333
mty389.jpg,1.8833333333333333
fty668.jpg,2.183333333333333
fty969.jpg,3.783333333333333
mty1988.jpg,4.3
mty960.jpg,2.716666666666667
fty1380.jpg,2.3666666666666667
mty1211.jpg,2.1
mty290.jpg,2.2
mty857.jpg,2.75
fty1887.jpg,3.9166666666666665
fty887.jpg,2.0166666666666666
fty71.jpg,2.7
mty1190.jpg,3.05
mty1220.jpg,2.25
fty1729.jpg,3.1333333333333333
fty1071.jpg,3.1333333333333333
fty28.jpg,2.2666666666666666
mty223.jpg,2.466666666666667
mty1479.jpg,2.3
fty1524.jpg,3.9
fty454.jpg,2.8
mty947.jpg,2.0166666666666666
mty1393.jpg,2.6
mty445.jpg,2.433333333333333
mty548.jpg,2.9
fty1114.jpg,2.966666666666667
fty566.jpg,2.35
fty1475.jpg,1.6833333333333331
mty287.jpg,2.433333333333333
mty566.jpg,2.15
fty600.jpg,3.35
fty855.jpg,4.1
fty449.jpg,2.6666666666666665
fty422.jpg,2.3666666666666667
mty99.jpg,3.566666666666667
fty1477.jpg,4.1
mty1129.jpg,2.2333333333333334
fty1386.jpg,2.933333333333333
mty5.jpg,2.3
mty980.jpg,2.283333333333333
fty1604.jpg,3.7
fty1549.jpg,2.85
fty178.jpg,2.583333333333333
mty1813.jpg,3.733333333333333
fty1805.jpg,3.5166666666666666
mty1896.jpg,3.216666666666667
mty1431.jpg,2.716666666666667
mty1975.jpg,4.45
fty970.jpg,2.533333333333333
fty181.jpg,2.9
fty585.jpg,2.2
mty1266.jpg,3.1333333333333333
mty1973.jpg,3.6333333333333333
fty334.jpg,2.25
fty1248.jpg,3.216666666666667
fty892.jpg,3.8
fty1609.jpg,3.5166666666666666
fty987.jpg,3.533333333333333
mty1516.jpg,2.183333333333333
fty1009.jpg,3.866666666666666
mty465.jpg,1.7166666666666666
fty677.jpg,2.283333333333333
mty1957.jpg,4.466666666666667
fty592.jpg,4.533333333333333
mty735.jpg,1.7833333333333334
mty475.jpg,2.6666666666666665
mty1280.jpg,2.783333333333333
mty662.jpg,2.6
fty34.jpg,2.2333333333333334
fty212.jpg,2.8
mty1754.jpg,3.733333333333333
fty418.jpg,2.7333333333333334
fty164.jpg,3.083333333333333
fty340.jpg,2.6166666666666667
mty1620.jpg,2.4166666666666665
mty1575.jpg,4.183333333333334
fty539.jpg,3.933333333333333
mty741.jpg,2.6166666666666667
mty220.jpg,2.1333333333333333
mty1424.jpg,2.783333333333333
mty1359.jpg,2.4
mty1453.jpg,2.083333333333333
fty1196.jpg,3.6666666666666665
fty1428.jpg,3.75
mty143.jpg,3.15
mty646.jpg,2.1666666666666665
mty742.jpg,2.683333333333333
fty850.jpg,3.616666666666666
mty1587.jpg,4.5
mty840.jpg,3.0
mty1859.jpg,2.933333333333333
fty265.jpg,1.85
fty1962.jpg,3.616666666666666
fty580.jpg,2.716666666666667
mty1762.jpg,2.2
fty642.jpg,2.7
mty96.jpg,2.316666666666667
fty1896.jpg,3.15
mty1729.jpg,4.0
fty1850.jpg,3.8
fty194.jpg,2.783333333333333
mty369.jpg,2.8
mty1485.jpg,2.466666666666667
fty1994.jpg,2.683333333333333
mty512.jpg,2.333333333333333
fty1863.jpg,3.5
mty178.jpg,2.466666666666667
fty1562.jpg,3.4
mty1442.jpg,2.466666666666667
fty1339.jpg,3.333333333333333
mty187.jpg,3.966666666666667
mty215.jpg,2.216666666666667
mty560.jpg,2.8666666666666667
fty623.jpg,3.0166666666666666
mty1525.jpg,2.15
mty647.jpg,2.783333333333333
fty1647.jpg,3.6333333333333333
mty900.jpg,2.5166666666666666
mty1223.jpg,2.6333333333333333
fty1518.jpg,3.433333333333333
mty1920.jpg,2.583333333333333
fty961.jpg,3.8333333333333335
fty1678.jpg,3.35
mty686.jpg,2.816666666666667
fty1004.jpg,3.3
fty1445.jpg,3.9
mty797.jpg,2.6
mty1692.jpg,4.5
fty924.jpg,3.1166666666666667
mty787.jpg,2.7333333333333334
fty99.jpg,2.533333333333333
fty1479.jpg,3.9
fty1307.jpg,2.833333333333333
fty428.jpg,2.7666666666666666
mty1084.jpg,2.45
mty1376.jpg,2.6
mty826.jpg,2.5
mty1245.jpg,2.7
mty1174.jpg,2.433333333333333
fty1410.jpg,3.216666666666667
mty464.jpg,2.5
mty722.jpg,3.0
fty663.jpg,2.95
fty1343.jpg,3.616666666666666
fty160.jpg,1.9833333333333327
fty981.jpg,2.8833333333333333
mty19.jpg,2.85
mty1918.jpg,3.1333333333333333
fty51.jpg,2.35
fty110.jpg,3.25
mty1938.jpg,3.8833333333333333
mty472.jpg,2.85
fty1980.jpg,3.533333333333333
fty1924.jpg,2.3
mty1555.jpg,2.8666666666666667
fty1226.jpg,2.3
mty516.jpg,3.1
fty1898.jpg,3.533333333333333
mty272.jpg,2.4833333333333334
mty1926.jpg,3.616666666666666
mty1172.jpg,2.2666666666666666
mty397.jpg,2.216666666666667
fty554.jpg,3.4166666666666665
fty277.jpg,2.6166666666666667
mty257.jpg,2.6166666666666667
fty1100.jpg,2.6666666666666665
fty1977.jpg,4.45
mty32.jpg,3.683333333333333
fty1948.jpg,2.7666666666666666
fty1916.jpg,3.1666666666666665
mty365.jpg,2.783333333333333
mty302.jpg,2.316666666666667
fty1772.jpg,3.5
mty657.jpg,3.033333333333333
mty1459.jpg,3.2
mty1046.jpg,2.45
fty982.jpg,2.8833333333333333
fty230.jpg,2.683333333333333
mty1967.jpg,3.466666666666667
mty1863.jpg,3.8333333333333335
fty1197.jpg,3.683333333333333
mty1645.jpg,4.066666666666666
mty845.jpg,2.683333333333333
fty1474.jpg,4.033333333333333
fty362.jpg,2.0166666666666666
fty1709.jpg,3.2666666666666666
fty421.jpg,2.55
fty1704.jpg,2.1666666666666665
mty1595.jpg,3.933333333333333
fty1744.jpg,3.0166666666666666
mty701.jpg,1.9833333333333327
fty53.jpg,2.1666666666666665
mty62.jpg,3.533333333333333
mty444.jpg,2.55
mty34.jpg,4.25
mty1102.jpg,2.433333333333333
fty759.jpg,2.25
fty186.jpg,2.183333333333333
fty732.jpg,2.7333333333333334
fty477.jpg,3.25
fty1483.jpg,2.5166666666666666
fty1650.jpg,3.2
mty234.jpg,2.566666666666667
mty1743.jpg,3.283333333333333
mty964.jpg,2.2666666666666666
fty268.jpg,3.3
fty1099.jpg,4.183333333333334
mty1869.jpg,3.1166666666666667
mty1033.jpg,2.0
fty1436.jpg,2.933333333333333
mty906.jpg,2.7333333333333334
mty1144.jpg,2.2333333333333334
mty658.jpg,2.55
mty966.jpg,2.9
mty1297.jpg,2.433333333333333
fty1951.jpg,2.9
fty1820.jpg,1.4166666666666667
mty1740.jpg,4.1
fty356.jpg,3.1
mty284.jpg,1.7166666666666666
fty1284.jpg,3.4
fty143.jpg,1.7833333333333334
mty103.jpg,3.216666666666667
fty1168.jpg,3.8833333333333333
fty944.jpg,4.0
mty1155.jpg,2.6666666666666665
fty590.jpg,2.7666666666666666
fty658.jpg,2.8
mty1090.jpg,2.1666666666666665
fty408.jpg,3.1
mty553.jpg,2.75
mty1012.jpg,2.066666666666667
mty892.jpg,2.35
fty1278.jpg,3.566666666666667
mty1293.jpg,2.566666666666667
fty792.jpg,2.9
mty1256.jpg,2.7666666666666666
mty1722.jpg,3.183333333333333
mty206.jpg,2.45
mty278.jpg,2.5166666666666666
fty306.jpg,2.933333333333333
mty1647.jpg,3.3
mty639.jpg,2.55
fty586.jpg,4.116666666666666
fty1047.jpg,3.65
mty1621.jpg,2.3833333333333333
mty1977.jpg,4.083333333333333
fty87.jpg,2.333333333333333
fty1073.jpg,2.6666666666666665
fty1204.jpg,2.8
mty1050.jpg,3.033333333333333
mty128.jpg,3.3666666666666667
mty482.jpg,2.9
mty438.jpg,2.6166666666666667
fty513.jpg,2.933333333333333
fty1126.jpg,2.583333333333333
fty1015.jpg,3.683333333333333
mty615.jpg,2.466666666666667
fty1537.jpg,3.6333333333333333
fty92.jpg,2.533333333333333
fty760.jpg,2.6666666666666665
mty107.jpg,2.9833333333333334
fty983.jpg,3.6
fty259.jpg,2.0
fty1613.jpg,4.0
mty1697.jpg,4.216666666666667
fty274.jpg,2.95
mty696.jpg,3.35
fty1049.jpg,2.95
fty948.jpg,2.7666666666666666
mty423.jpg,2.5
mty366.jpg,2.1666666666666665
fty150.jpg,2.466666666666667
fty719.jpg,2.2333333333333334
mty35.jpg,3.15
mty655.jpg,2.85
fty717.jpg,2.033333333333333
mty1696.jpg,4.466666666666667
mty67.jpg,3.45
mty884.jpg,2.7
mty977.jpg,1.8333333333333333
fty863.jpg,2.783333333333333
mty851.jpg,2.45
fty1239.jpg,3.566666666666667
mty1671.jpg,4.216666666666667
fty302.jpg,2.8
mty754.jpg,2.65
mty329.jpg,2.566666666666667
fty723.jpg,2.7666666666666666
mty738.jpg,2.833333333333333
fty233.jpg,2.933333333333333
mty1821.jpg,3.2
mty938.jpg,2.9
mty1544.jpg,2.55
fty1967.jpg,1.8833333333333333
mty763.jpg,2.583333333333333
fty1269.jpg,3.4833333333333334
mty1070.jpg,2.6333333333333333
fty1413.jpg,3.3666666666666667
mty513.jpg,2.65
fty681.jpg,2.7333333333333334
mty836.jpg,2.816666666666667
mty403.jpg,2.8
mty70.jpg,1.85
mty1059.jpg,2.0166666666666666
mty1670.jpg,2.8666666666666667
fty1585.jpg,3.75
mty114.jpg,3.2
mty993.jpg,2.283333333333333
mty1168.jpg,2.0
fty1171.jpg,4.283333333333333
mty1019.jpg,2.7
fty167.jpg,2.6166666666666667
mty862.jpg,2.4833333333333334
fty184.jpg,3.2
mty795.jpg,1.9833333333333327
mty4.jpg,3.316666666666667
fty1652.jpg,4.066666666666666
fty1488.jpg,3.85
mty501.jpg,2.4
mty931.jpg,2.75
mty1115.jpg,2.583333333333333
fty1827.jpg,4.166666666666667
mty64.jpg,4.266666666666667
fty891.jpg,2.283333333333333
mty406.jpg,2.8
mty1661.jpg,4.15
mty1998.jpg,3.25
fty665.jpg,2.55
mty1292.jpg,2.833333333333333
mty1350.jpg,2.316666666666667
fty537.jpg,2.4833333333333334
fty285.jpg,2.9166666666666665
fty930.jpg,4.016666666666667
mty1992.jpg,4.083333333333333
fty83.jpg,2.683333333333333
fty1472.jpg,3.8
mty804.jpg,2.816666666666667
mty493.jpg,2.433333333333333
mty1325.jpg,2.2666666666666666
fty459.jpg,2.083333333333333
fty751.jpg,3.1
fty97.jpg,2.3
fty1338.jpg,2.9166666666666665
mty1911.jpg,3.4166666666666665
fty121.jpg,2.3833333333333333
fty979.jpg,2.3833333333333333
fty1603.jpg,3.95
mty546.jpg,2.683333333333333
fty211.jpg,2.433333333333333
mty258.jpg,2.25
fty1296.jpg,2.933333333333333
mty937.jpg,2.716666666666667
mty1798.jpg,3.0166666666666666
fty928.jpg,4.116666666666666
fty1795.jpg,3.3
mty419.jpg,2.583333333333333
fty1592.jpg,4.466666666666667
fty249.jpg,2.95
fty890.jpg,3.3
mty1128.jpg,2.6333333333333333
mty158.jpg,2.583333333333333
fty1325.jpg,2.2
mty1052.jpg,2.5
mty1713.jpg,3.05
fty786.jpg,2.85
fty136.jpg,2.316666666666667
fty446.jpg,3.05
fty798.jpg,4.166666666666667
fty1024.jpg,3.3666666666666667
mty1078.jpg,2.45
mty186.jpg,4.15
fty1942.jpg,2.466666666666667
mty1186.jpg,2.3833333333333333
mty1048.jpg,2.533333333333333
fty156.jpg,2.4833333333333334
fty1224.jpg,3.95
mty1972.jpg,4.15
fty1273.jpg,1.2833333333333334
fty607.jpg,2.55
fty1913.jpg,2.833333333333333
mty1913.jpg,3.2
fty602.jpg,2.65
mty545.jpg,2.35
fty11.jpg,2.316666666666667
mty678.jpg,3.1
fty1312.jpg,4.0
mty732.jpg,2.183333333333333
mty1809.jpg,3.083333333333333
fty1892.jpg,3.7
mty404.jpg,2.6333333333333333
mty994.jpg,2.716666666666667
mty700.jpg,2.3666666666666667
mty1667.jpg,4.233333333333333
fty1502.jpg,3.683333333333333
mty1907.jpg,3.083333333333333
mty663.jpg,2.6666666666666665
mty526.jpg,2.75
fty282.jpg,2.583333333333333
mty1877.jpg,4.033333333333333
mty698.jpg,2.6666666666666665
fty577.jpg,2.9166666666666665
fty344.jpg,2.533333333333333
mty1383.jpg,2.35
mty1083.jpg,2.7
fty965.jpg,2.933333333333333
mty1461.jpg,3.65
mty1029.jpg,2.25
mty1457.jpg,2.55
fty1102.jpg,3.8333333333333335
fty1932.jpg,2.783333333333333
fty1375.jpg,3.3833333333333333
mty352.jpg,2.933333333333333
fty1689.jpg,3.8333333333333335
fty420.jpg,3.4166666666666665
fty278.jpg,2.8666666666666667
mty468.jpg,2.1333333333333333
fty1062.jpg,4.183333333333334
fty1190.jpg,2.65
mty1332.jpg,2.433333333333333
fty10.jpg,3.433333333333333
fty1067.jpg,2.583333333333333
fty385.jpg,2.4833333333333334
mty713.jpg,2.45
fty984.jpg,3.716666666666667
mty536.jpg,1.9666666666666663
fty1397.jpg,3.583333333333333
fty1285.jpg,3.966666666666667
fty750.jpg,3.5
mty150.jpg,3.5166666666666666
mty1607.jpg,2.95
mty310.jpg,3.583333333333333
mty1032.jpg,1.7166666666666666
mty196.jpg,2.6666666666666665
mty327.jpg,3.1
mty1689.jpg,4.133333333333334
fty1979.jpg,2.566666666666667
mty1230.jpg,2.583333333333333
mty855.jpg,2.8
mty1786.jpg,3.85
fty1978.jpg,3.9166666666666665
mty682.jpg,2.6
mty668.jpg,2.7
fty1457.jpg,3.966666666666667
mty1509.jpg,1.85
mty1816.jpg,3.2666666666666666
mty746.jpg,2.75
mty7.jpg,3.25
fty1057.jpg,3.15
mty1810.jpg,2.55
mty1349.jpg,2.7
fty1787.jpg,3.966666666666667
fty1511.jpg,3.8833333333333333
mty1779.jpg,3.716666666666667
fty1590.jpg,1.0666666666666669
fty1470.jpg,3.216666666666667
fty595.jpg,2.283333333333333
mty263.jpg,2.25
mty870.jpg,1.6
fty1751.jpg,3.65
fty1993.jpg,3.9
fty1889.jpg,3.8333333333333335
mty634.jpg,2.1
mty328.jpg,2.716666666666667
mty1829.jpg,3.1
mty688.jpg,1.933333333333333
fty1448.jpg,3.9
fty1149.jpg,3.5
mty1465.jpg,2.816666666666667
mty1624.jpg,4.666666666666667
mty1449.jpg,2.4
fty1185.jpg,2.6166666666666667
fty1394.jpg,3.283333333333333
fty1711.jpg,3.866666666666666
mty1361.jpg,2.35
mty1179.jpg,2.7333333333333334
fty60.jpg,2.716666666666667
mty1337.jpg,2.533333333333333
fty1577.jpg,3.4
mty810.jpg,2.6166666666666667
mty745.jpg,2.9
mty1042.jpg,2.6666666666666665
mty1176.jpg,1.95
fty867.jpg,4.016666666666667
mty547.jpg,2.333333333333333
mty1430.jpg,2.45
fty1706.jpg,3.5
fty1583.jpg,3.8
mty680.jpg,2.433333333333333
mty221.jpg,2.3666666666666667
fty991.jpg,2.783333333333333
fty1756.jpg,4.0
mty1061.jpg,2.65
mty1208.jpg,2.333333333333333
fty96.jpg,3.1
fty1327.jpg,3.083333333333333
mty582.jpg,3.1166666666666667
fty913.jpg,2.8
mty1865.jpg,3.2
mty1444.jpg,2.2666666666666666
fty1156.jpg,4.183333333333334
fty339.jpg,2.2
mty1990.jpg,3.783333333333333
fty547.jpg,2.6666666666666665
mty991.jpg,2.1
fty1399.jpg,3.183333333333333
fty986.jpg,2.183333333333333
fty1710.jpg,3.716666666666667
fty614.jpg,3.033333333333333
fty369.jpg,3.15
mty570.jpg,2.216666666666667
fty1244.jpg,3.9166666666666665
fty1830.jpg,4.066666666666666
fty666.jpg,2.933333333333333
mty761.jpg,2.933333333333333
mty271.jpg,1.933333333333333
fty1054.jpg,3.216666666666667
mty1916.jpg,2.75
fty816.jpg,2.9
mty1584.jpg,2.333333333333333
mty888.jpg,2.533333333333333
fty1294.jpg,2.2666666666666666
mty753.jpg,2.45
fty1608.jpg,3.3
fty846.jpg,1.7333333333333334
fty1594.jpg,3.816666666666667
fty1858.jpg,3.3833333333333333
mty642.jpg,2.9166666666666665
fty47.jpg,2.8833333333333333
mty1163.jpg,2.5
fty1090.jpg,3.966666666666667
fty108.jpg,2.783333333333333
mty1171.jpg,2.466666666666667
mty518.jpg,2.0166666666666666
fty1462.jpg,3.933333333333333
mty1117.jpg,2.9
fty1275.jpg,3.55
mty1947.jpg,2.9
fty1188.jpg,2.5166666666666666
mty12.jpg,2.533333333333333
mty1761.jpg,3.85
mty559.jpg,2.6166666666666667
mty411.jpg,2.816666666666667
fty1672.jpg,3.2
mty1133.jpg,2.716666666666667
fty1530.jpg,3.5166666666666666
fty1305.jpg,4.083333333333333
fty377.jpg,2.1166666666666667
mty1041.jpg,3.3
fty559.jpg,2.966666666666667
mty1847.jpg,3.7
fty1180.jpg,3.65
mty591.jpg,2.7666666666666666
mty809.jpg,2.316666666666667
fty1333.jpg,4.383333333333334
mty923.jpg,2.083333333333333
mty1764.jpg,3.4166666666666665
mty15.jpg,3.683333333333333
mty774.jpg,2.7666666666666666
fty1964.jpg,4.216666666666667
fty304.jpg,1.933333333333333
mty551.jpg,2.0166666666666666
mty1783.jpg,3.1666666666666665
mty616.jpg,3.0166666666666666
mty148.jpg,4.1
mty1389.jpg,2.7666666666666666
fty1566.jpg,3.75
mty808.jpg,2.3666666666666667
mty1255.jpg,2.35
mty1942.jpg,3.3666666666666667
mty1634.jpg,2.9166666666666665
fty903.jpg,3.066666666666667
fty824.jpg,2.283333333333333
fty908.jpg,3.066666666666667
fty1632.jpg,3.433333333333333
mty75.jpg,3.866666666666666
fty1531.jpg,3.2333333333333334
fty272.jpg,3.3666666666666667
mty1789.jpg,3.316666666666667
fty866.jpg,2.3833333333333333
fty412.jpg,3.066666666666667
fty315.jpg,3.2
fty652.jpg,2.6333333333333333
mty950.jpg,2.55
fty1323.jpg,2.9166666666666665
mty1079.jpg,2.333333333333333
mty1367.jpg,2.4
fty495.jpg,2.533333333333333
mty1024.jpg,3.15
mty1838.jpg,4.6
fty1546.jpg,3.966666666666667
mty1922.jpg,2.3666666666666667
fty1817.jpg,3.15
mty674.jpg,2.433333333333333
fty755.jpg,4.25
fty1450.jpg,2.7666666666666666
mty1219.jpg,3.15
fty1553.jpg,3.8333333333333335
mty1983.jpg,3.6
fty582.jpg,3.8333333333333335
fty1630.jpg,2.7666666666666666
fty669.jpg,3.183333333333333
fty698.jpg,2.333333333333333
mty282.jpg,1.6666666666666667
mty190.jpg,4.116666666666666
mty256.jpg,2.7333333333333334
mty1547.jpg,2.2333333333333334
mty6.jpg,4.25
fty1098.jpg,1.55
fty129.jpg,3.1
fty106.jpg,3.033333333333333
mty935.jpg,2.0166666666666666
mty839.jpg,2.716666666666667
mty1679.jpg,4.1
mty765.jpg,2.716666666666667
fty1615.jpg,3.3666666666666667
fty258.jpg,2.3
mty729.jpg,2.5166666666666666
fty737.jpg,2.6666666666666665
fty1981.jpg,3.7666666666666666
fty504.jpg,2.283333333333333
fty1824.jpg,1.9833333333333327
mty1946.jpg,3.1666666666666665
fty1258.jpg,3.316666666666667
fty1223.jpg,2.1333333333333333
mty988.jpg,2.7666666666666666
fty1915.jpg,3.466666666666667
fty499.jpg,3.083333333333333
fty619.jpg,2.966666666666667
mty1328.jpg,2.4
fty1115.jpg,4.016666666666667
fty531.jpg,3.0
fty1587.jpg,3.533333333333333
fty876.jpg,2.75
fty1336.jpg,3.783333333333333
mty1556.jpg,2.75
mty1687.jpg,3.983333333333333
mty303.jpg,2.033333333333333
fty500.jpg,2.35
mty360.jpg,2.75
fty599.jpg,2.7333333333333334
mty1688.jpg,4.083333333333333
fty219.jpg,2.1333333333333333
fty1022.jpg,3.7666666666666666
mty846.jpg,2.566666666666667
fty247.jpg,2.8666666666666667
mty164.jpg,2.0
fty1764.jpg,3.566666666666667
fty1631.jpg,1.1166666666666667
fty1909.jpg,3.3833333333333333
fty105.jpg,4.033333333333333
fty183.jpg,2.6666666666666665
fty1702.jpg,2.316666666666667
fty522.jpg,2.3
mty1646.jpg,3.983333333333333
mty665.jpg,2.4833333333333334
fty922.jpg,1.6833333333333331
mty410.jpg,2.466666666666667
mty66.jpg,3.15
fty1106.jpg,3.5166666666666666
fty393.jpg,2.7666666666666666
fty740.jpg,2.6
fty1417.jpg,3.75
mty183.jpg,2.966666666666667
mty1858.jpg,3.8333333333333335
mty895.jpg,2.6166666666666667
mty484.jpg,2.833333333333333
fty1781.jpg,3.55
fty1520.jpg,3.2333333333333334
fty360.jpg,2.316666666666667
fty433.jpg,3.9166666666666665
mty425.jpg,2.7
fty507.jpg,2.566666666666667
mty1504.jpg,2.6
mty1121.jpg,2.566666666666667
fty1198.jpg,3.7666666666666666
mty799.jpg,2.25
mty1193.jpg,2.8666666666666667
fty119.jpg,2.2666666666666666
mty538.jpg,2.75
fty631.jpg,3.4
fty283.jpg,3.066666666666667
mty972.jpg,2.583333333333333
mty210.jpg,3.9
fty708.jpg,1.9
fty1444.jpg,4.116666666666666
mty1460.jpg,2.1166666666666667
fty1050.jpg,3.183333333333333
fty1107.jpg,4.216666666666667
fty471.jpg,3.25
fty795.jpg,2.566666666666667
fty1302.jpg,3.6333333333333333
mty1573.jpg,2.9166666666666665
mty30.jpg,4.1
fty1720.jpg,3.566666666666667
mty343.jpg,2.833333333333333
fty1039.jpg,4.2
fty314.jpg,1.7333333333333334
mty1728.jpg,3.6
fty1461.jpg,3.316666666666667
fty744.jpg,2.3833333333333333
mty934.jpg,2.0166666666666666
fty1236.jpg,4.316666666666666
fty374.jpg,2.283333333333333
fty821.jpg,1.9
mty313.jpg,2.4166666666666665
mty267.jpg,4.033333333333333
fty699.jpg,3.2666666666666666
mty1436.jpg,2.8
fty735.jpg,2.5
mty1536.jpg,2.6166666666666667
fty1348.jpg,3.9166666666666665
fty626.jpg,2.6
fty1871.jpg,3.65
mty451.jpg,2.6666666666666665
mty1047.jpg,4.45
fty1408.jpg,3.65
mty928.jpg,2.55
mty1527.jpg,2.1666666666666665
fty1364.jpg,3.95
mty1481.jpg,2.2666666666666666
fty187.jpg,3.1166666666666667
mty44.jpg,4.2
mty1891.jpg,3.933333333333333
fty856.jpg,3.2333333333333334
fty865.jpg,2.4
fty572.jpg,3.333333333333333
fty346.jpg,2.4
mty1897.jpg,3.983333333333333
mty614.jpg,3.1333333333333333
mty1848.jpg,2.3666666666666667
mty167.jpg,2.533333333333333
fty1283.jpg,4.333333333333333
fty904.jpg,2.566666666666667
fty126.jpg,2.75
mty1830.jpg,2.783333333333333
mty1112.jpg,2.75
mty984.jpg,3.283333333333333
fty1371.jpg,3.6333333333333333
mty386.jpg,2.6333333333333333
mty1721.jpg,3.7666666666666666
mty1188.jpg,2.466666666666667
mty1554.jpg,2.7
fty1754.jpg,3.9
fty729.jpg,2.6666666666666665
mty1571.jpg,3.6666666666666665
fty1265.jpg,4.383333333333334
mty1758.jpg,3.616666666666666
fty342.jpg,2.683333333333333
fty521.jpg,2.8833333333333333
mty1200.jpg,2.783333333333333
fty1727.jpg,2.816666666666667
mty1066.jpg,2.65
fty1222.jpg,3.7
fty1855.jpg,3.3833333333333333
mty1760.jpg,4.183333333333334
mty91.jpg,2.9833333333333334
fty1432.jpg,3.216666666666667
mty1937.jpg,3.683333333333333
mty631.jpg,2.9166666666666665
mty46.jpg,3.7
fty325.jpg,2.533333333333333
fty86.jpg,2.333333333333333
mty764.jpg,3.083333333333333
mty288.jpg,2.216666666666667
mty323.jpg,2.533333333333333
mty172.jpg,2.85
mty1100.jpg,2.15
mty1336.jpg,2.533333333333333
mty769.jpg,2.8833333333333333
fty1112.jpg,4.233333333333333
mty853.jpg,2.2333333333333334
fty1568.jpg,3.8333333333333335
mty193.jpg,4.383333333333334
mty1795.jpg,4.483333333333333
mty1505.jpg,2.783333333333333
mty1909.jpg,2.7333333333333334
mty967.jpg,3.1333333333333333
fty1699.jpg,3.4
fty875.jpg,2.533333333333333
fty1695.jpg,4.316666666666666
mty1773.jpg,4.383333333333334
mty239.jpg,2.333333333333333
fty1508.jpg,3.9166666666666665
mty452.jpg,2.3
fty123.jpg,2.033333333333333
mty244.jpg,2.3
fty281.jpg,2.183333333333333
mty557.jpg,2.716666666666667
fty1439.jpg,3.85
mty1338.jpg,2.433333333333333
fty1087.jpg,2.7666666666666666
fty407.jpg,3.2666666666666666
fty248.jpg,1.8333333333333333
mty1737.jpg,3.9
fty1468.jpg,4.383333333333334
mty54.jpg,2.8666666666666667
fty317.jpg,3.9166666666666665
mty781.jpg,2.8666666666666667
mty22.jpg,4.7
mty685.jpg,2.8833333333333333
fty953.jpg,3.8333333333333335
fty149.jpg,2.35
fty133.jpg,2.833333333333333
fty255.jpg,1.7833333333333334
fty1310.jpg,2.25
mty1249.jpg,2.4166666666666665
mty1708.jpg,4.483333333333333
mty719.jpg,2.966666666666667
mty1199.jpg,2.683333333333333
mty1844.jpg,2.7333333333333334
fty608.jpg,2.316666666666667
fty1614.jpg,2.966666666666667
mty1441.jpg,2.25
fty1206.jpg,3.283333333333333
mty1051.jpg,2.8
mty1116.jpg,2.5
fty238.jpg,2.683333333333333
mty1054.jpg,1.8333333333333333
fty1734.jpg,3.8333333333333335
fty524.jpg,2.7
mty1216.jpg,2.3
fty432.jpg,3.033333333333333
fty1191.jpg,4.233333333333333
mty961.jpg,2.9166666666666665
fty1425.jpg,3.4833333333333334
fty1565.jpg,3.3
mty1416.jpg,2.8
fty163.jpg,2.8
fty1437.jpg,4.316666666666666
mty497.jpg,1.8666666666666667
fty1179.jpg,3.933333333333333
mty1808.jpg,3.95
fty1888.jpg,3.4166666666666665
fty1021.jpg,2.933333333333333
fty1259.jpg,2.6666666666666665
fty882.jpg,4.133333333333334
mty1275.jpg,2.433333333333333
mty823.jpg,2.6666666666666665
mty1991.jpg,3.683333333333333
mty405.jpg,2.966666666666667
fty1288.jpg,3.283333333333333
fty1249.jpg,4.316666666666666
mty1499.jpg,2.7333333333333334
fty992.jpg,2.6666666666666665
mty63.jpg,4.15
fty909.jpg,3.5
fty1314.jpg,2.75
fty423.jpg,2.95
fty1965.jpg,1.75
mty1510.jpg,2.7
mty952.jpg,2.2666666666666666
mty455.jpg,3.433333333333333
mty514.jpg,2.316666666666667
mty1561.jpg,3.216666666666667
mty936.jpg,2.283333333333333
mty628.jpg,2.6666666666666665
mty1886.jpg,3.066666666666667
fty1203.jpg,3.3666666666666667
mty567.jpg,2.466666666666667
fty726.jpg,3.0
mty687.jpg,2.6166666666666667
mty1224.jpg,2.533333333333333
mty786.jpg,2.9166666666666665
fty1926.jpg,3.6
fty450.jpg,3.1
fty134.jpg,2.316666666666667
fty1969.jpg,3.1
fty26.jpg,2.25
fty1058.jpg,3.783333333333333
fty1256.jpg,2.35
mty593.jpg,2.35
mty1099.jpg,2.816666666666667
mty718.jpg,2.5166666666666666
fty68.jpg,2.7666666666666666
fty470.jpg,3.616666666666666
mty90.jpg,1.8833333333333333
fty175.jpg,3.0
mty1932.jpg,3.0
mty1949.jpg,3.4166666666666665
fty676.jpg,2.6
mty1719.jpg,3.55
mty395.jpg,2.466666666666667
fty976.jpg,4.316666666666666
mty1924.jpg,2.75
fty916.jpg,3.033333333333333
mty217.jpg,3.8833333333333333
mty89.jpg,3.0166666666666666
mty392.jpg,2.5
mty1274.jpg,2.6333333333333333
fty1627.jpg,3.7666666666666666
mty113.jpg,3.3
mty1883.jpg,4.166666666666667
mty426.jpg,2.6166666666666667
fty1550.jpg,3.3833333333333333
mty1340.jpg,2.6166666666666667
fty1194.jpg,4.233333333333333
mty1989.jpg,4.416666666666667
fty270.jpg,1.4666666666666666
mty837.jpg,2.8
mty1379.jpg,2.466666666666667
mty1282.jpg,2.05
mty1596.jpg,3.933333333333333
fty647.jpg,3.7
fty1454.jpg,2.7333333333333334
fty1826.jpg,4.066666666666666
mty457.jpg,2.6
mty315.jpg,3.0
mty987.jpg,2.683333333333333
mty758.jpg,2.8666666666666667
fty140.jpg,2.0166666666666666
fty1792.jpg,3.8833333333333333
fty1839.jpg,4.266666666666667
mty1574.jpg,3.3833333333333333
mty170.jpg,2.4833333333333334
fty1365.jpg,4.483333333333333
fty1873.jpg,1.6333333333333333
fty822.jpg,2.15
fty1803.jpg,3.5166666666666666
fty1567.jpg,4.016666666666667
mty1327.jpg,2.6666666666666665
mty773.jpg,2.45
mty979.jpg,2.3
mty1882.jpg,2.85
mty1855.jpg,3.2666666666666666
fty1013.jpg,3.816666666666667
fty240.jpg,3.066666666666667
fty555.jpg,2.783333333333333
fty1298.jpg,3.8
mty1136.jpg,2.5166666666666666
mty253.jpg,3.25
fty1315.jpg,2.8
fty1240.jpg,2.716666666666667
mty573.jpg,2.1333333333333333
fty1753.jpg,3.2666666666666666
mty1709.jpg,2.6166666666666667
mty584.jpg,1.9666666666666663
fty208.jpg,2.7333333333333334
fty1309.jpg,3.7666666666666666
mty841.jpg,2.5166666666666666
mty1153.jpg,2.35
mty1824.jpg,2.85
mty230.jpg,2.25
fty512.jpg,2.466666666666667
fty54.jpg,2.216666666666667
fty1271.jpg,3.333333333333333
fty788.jpg,1.3833333333333333
mty1818.jpg,1.75
fty413.jpg,1.8333333333333333
fty1582.jpg,4.216666666666667
mty248.jpg,4.133333333333334
fty1220.jpg,2.833333333333333
fty1412.jpg,3.2333333333333334
mty57.jpg,3.25
mty1622.jpg,3.333333333333333
mty370.jpg,2.583333333333333
mty807.jpg,2.283333333333333
fty193.jpg,2.1333333333333333
fty1167.jpg,4.1
fty587.jpg,1.7666666666666666
fty1976.jpg,1.0833333333333333
fty354.jpg,2.816666666666667
mty130.jpg,3.6666666666666665
mty254.jpg,2.066666666666667
fty1842.jpg,3.9166666666666665
fty1152.jpg,3.3
fty406.jpg,2.583333333333333
mty1936.jpg,4.5
mty379.jpg,2.2
mty569.jpg,2.9
mty242.jpg,2.1166666666666667
fty146.jpg,2.9166666666666665
fty1085.jpg,2.283333333333333
fty48.jpg,2.3
fty217.jpg,2.283333333333333
fty1535.jpg,3.2333333333333334
fty171.jpg,2.966666666666667
fty1464.jpg,3.433333333333333
mty1123.jpg,2.15
mty1833.jpg,3.5
fty1332.jpg,2.316666666666667
fty1146.jpg,3.1
mty378.jpg,2.5
fty487.jpg,2.583333333333333
fty1548.jpg,4.066666666666666
fty349.jpg,2.566666666666667
fty1151.jpg,2.1666666666666665
mty1565.jpg,4.0
mty999.jpg,2.3666666666666667
fty491.jpg,3.716666666666667
fty993.jpg,2.65
mty1000.jpg,2.7666666666666666
fty376.jpg,2.6666666666666665
mty1360.jpg,2.216666666666667
mty1963.jpg,4.416666666666667
fty1065.jpg,3.85
mty608.jpg,2.833333333333333
mty334.jpg,2.533333333333333
fty1403.jpg,4.266666666666667
mty605.jpg,2.3833333333333333
mty1381.jpg,2.6666666666666665
fty445.jpg,2.1666666666666665
fty336.jpg,2.65
mty1021.jpg,2.85
mty537.jpg,2.65
mty486.jpg,2.4166666666666665
fty352.jpg,2.1666666666666665
mty1088.jpg,2.3
fty365.jpg,1.933333333333333
fty578.jpg,2.1333333333333333
fty70.jpg,2.9166666666666665
mty1994.jpg,4.05
fty1659.jpg,3.566666666666667
mty1629.jpg,4.333333333333333
mty866.jpg,2.95
fty990.jpg,2.066666666666667
mty354.jpg,2.6166666666666667
mty434.jpg,3.083333333333333
mty1369.jpg,2.583333333333333
fty1097.jpg,2.466666666666667
mty1985.jpg,2.183333333333333
mty1805.jpg,3.6666666666666665
fty645.jpg,2.783333333333333
fty91.jpg,2.783333333333333
fty1133.jpg,3.2333333333333334
fty1482.jpg,3.316666666666667
mty1300.jpg,2.3
fty237.jpg,2.9
fty1783.jpg,3.616666666666666
mty1648.jpg,4.066666666666666
fty703.jpg,2.4833333333333334
fty1682.jpg,3.8833333333333333
fty1654.jpg,2.966666666666667
fty1451.jpg,4.066666666666666
fty43.jpg,2.1666666666666665
mty1717.jpg,3.866666666666666
fty1266.jpg,3.816666666666667
mty129.jpg,4.3
mty1666.jpg,3.95
fty1626.jpg,3.066666666666667
mty13.jpg,2.8666666666666667
mty1250.jpg,2.6666666666666665
mty333.jpg,2.6
mty1086.jpg,3.216666666666667
fty1079.jpg,2.966666666666667
fty1264.jpg,2.9
mty1423.jpg,2.316666666666667
fty486.jpg,2.4166666666666665
mty224.jpg,2.683333333333333
mty834.jpg,2.7666666666666666
mty400.jpg,2.6333333333333333
fty1607.jpg,3.433333333333333
mty1067.jpg,2.1333333333333333
fty410.jpg,2.2666666666666666
fty598.jpg,2.35
fty1930.jpg,3.716666666666667
mty118.jpg,4.183333333333334
fty643.jpg,2.2
mty1159.jpg,2.7
fty74.jpg,2.183333333333333
mty1531.jpg,2.8666666666666667
mty132.jpg,2.65
fty2000.jpg,3.55
fty269.jpg,3.6666666666666665
mty712.jpg,2.2
mty1551.jpg,2.45
mty527.jpg,2.65
fty1840.jpg,2.466666666666667
fty679.jpg,2.683333333333333
fty1526.jpg,4.2
fty671.jpg,2.6
mty1007.jpg,2.316666666666667
mty1495.jpg,2.7
fty653.jpg,2.583333333333333
fty400.jpg,2.783333333333333
mty1307.jpg,2.6
fty1370.jpg,3.6666666666666665
fty1349.jpg,2.3833333333333333
mty412.jpg,2.7
fty289.jpg,2.2666666666666666
mty1668.jpg,3.033333333333333
fty63.jpg,1.7833333333333334
fty1938.jpg,2.216666666666667
fty242.jpg,2.7666666666666666
fty1697.jpg,4.016666666666667
mty1752.jpg,3.9
fty66.jpg,2.0
mty1196.jpg,2.3666666666666667
fty1968.jpg,1.8166666666666669
fty207.jpg,2.8833333333333333
fty457.jpg,2.583333333333333
mty101.jpg,3.4833333333333334
fty686.jpg,2.6
mty139.jpg,4.5
mty699.jpg,3.033333333333333
mty1346.jpg,2.55
fty469.jpg,2.8833333333333333
fty1411.jpg,3.1333333333333333
fty1601.jpg,4.483333333333333
fty1759.jpg,3.983333333333333
fty802.jpg,2.783333333333333
fty1684.jpg,4.433333333333334
mty155.jpg,3.7666666666666666
fty144.jpg,2.0166666666666666
fty371.jpg,2.45
mty1472.jpg,1.7166666666666666
fty840.jpg,3.733333333333333
fty837.jpg,2.316666666666667
mty1791.jpg,2.25
fty1611.jpg,3.333333333333333
mty1427.jpg,3.1166666666666667
fty399.jpg,2.1333333333333333
fty84.jpg,2.833333333333333
fty1657.jpg,3.316666666666667
mty1207.jpg,2.1333333333333333
mty1195.jpg,1.9666666666666663
fty511.jpg,2.7666666666666666
fty41.jpg,4.25
fty651.jpg,2.65
fty884.jpg,2.45
mty1003.jpg,2.466666666666667
mty784.jpg,2.15
fty1563.jpg,4.133333333333334
mty376.jpg,3.283333333333333
mty1276.jpg,2.1666666666666665
fty769.jpg,2.583333333333333
mty893.jpg,2.1
mty623.jpg,2.783333333333333
fty239.jpg,2.8666666666666667
mty1210.jpg,2.35
fty958.jpg,3.05
mty1522.jpg,2.15
fty1251.jpg,3.683333333333333
mty1278.jpg,2.1333333333333333
fty322.jpg,1.8166666666666669
fty328.jpg,2.85
mty266.jpg,2.8833333333333333
mty838.jpg,1.9166666666666667
fty42.jpg,2.3
fty1738.jpg,2.816666666666667
mty1496.jpg,2.35
fty1303.jpg,3.75
mty1513.jpg,2.316666666666667
mty1358.jpg,2.85
mty283.jpg,2.7333333333333334
mty1305.jpg,2.75
fty1692.jpg,4.25
fty779.jpg,3.8333333333333335
mty446.jpg,2.85
mty1027.jpg,2.283333333333333
mty1009.jpg,2.716666666666667
mty1732.jpg,3.966666666666667
fty1105.jpg,1.7166666666666666
mty650.jpg,2.65
mty517.jpg,2.75
mty1141.jpg,3.283333333333333
mty1593.jpg,3.433333333333333
fty75.jpg,2.3
mty171.jpg,2.816666666666667
fty1687.jpg,3.733333333333333
fty1331.jpg,3.9
mty1885.jpg,4.216666666666667
fty398.jpg,4.066666666666666
mty1966.jpg,3.783333333333333
mty1320.jpg,2.25
fty1121.jpg,1.9666666666666663
mty1130.jpg,2.033333333333333
mty1832.jpg,3.566666666666667
fty911.jpg,2.066666666666667
fty1208.jpg,4.316666666666666
mty1751.jpg,3.933333333333333
fty1158.jpg,4.416666666666667
mty755.jpg,2.583333333333333
fty690.jpg,3.55
fty497.jpg,2.05
mty207.jpg,2.4166666666666665
fty1823.jpg,3.7666666666666666
fty1277.jpg,3.716666666666667
fty1143.jpg,1.9833333333333327
mty1326.jpg,2.6333333333333333
mty694.jpg,2.9166666666666665
mty1905.jpg,3.283333333333333
mty620.jpg,2.75
mty1254.jpg,2.466666666666667
mty776.jpg,2.6
fty46.jpg,2.2
mty901.jpg,2.533333333333333
mty905.jpg,2.8833333333333333
mty1316.jpg,2.35
mty1390.jpg,2.316666666666667
mty307.jpg,4.2
mty1515.jpg,2.6333333333333333
mty1705.jpg,3.433333333333333
mty1669.jpg,3.183333333333333
fty777.jpg,2.25
mty886.jpg,2.9833333333333334
mty1492.jpg,2.783333333333333
mty778.jpg,2.683333333333333
fty1142.jpg,2.6666666666666665
fty1768.jpg,1.6666666666666667
fty379.jpg,2.5
fty828.jpg,2.283333333333333
mty1806.jpg,2.783333333333333
fty919.jpg,2.65
mty1643.jpg,3.8333333333333335
fty1311.jpg,4.033333333333333
mty601.jpg,2.6333333333333333
fty695.jpg,4.516666666666667
mty213.jpg,2.7666666666666666
fty1794.jpg,3.333333333333333
mty152.jpg,4.316666666666666
fty1161.jpg,2.066666666666667
fty1920.jpg,3.5
fty1534.jpg,4.2
mty1727.jpg,2.85
mty251.jpg,2.8833333333333333
fty473.jpg,2.65
mty1857.jpg,3.7666666666666666
mty1720.jpg,4.0
fty1257.jpg,4.2
mty1623.jpg,3.4
fty616.jpg,2.0166666666666666
fty1478.jpg,3.95
mty1867.jpg,3.85
fty675.jpg,4.016666666666667
fty1398.jpg,1.3666666666666667
fty1900.jpg,3.033333333333333
fty1495.jpg,4.033333333333333
mty1313.jpg,2.6
mty1156.jpg,3.1
fty1970.jpg,2.9166666666666665
mty289.jpg,2.4
fty76.jpg,2.9
mty1895.jpg,4.05
fty1291.jpg,4.4
mty822.jpg,2.8
fty1252.jpg,3.3833333333333333
mty1631.jpg,2.5
mty596.jpg,2.7
fty1521.jpg,3.65
fty1201.jpg,3.283333333333333
fty1255.jpg,4.216666666666667
fty1902.jpg,3.683333333333333
fty443.jpg,2.0
mty1836.jpg,4.066666666666666
mty1395.jpg,2.9166666666666665
fty1664.jpg,3.2666666666666666
fty1299.jpg,3.716666666666667
mty873.jpg,2.35
fty1401.jpg,4.233333333333333
mty1955.jpg,3.0166666666666666
fty1865.jpg,3.216666666666667
mty693.jpg,2.8666666666666667
fty933.jpg,3.983333333333333
fty603.jpg,4.316666666666666
mty56.jpg,3.65
fty1869.jpg,3.283333333333333
mty483.jpg,2.033333333333333
mty1716.jpg,3.95
mty159.jpg,2.1333333333333333
fty69.jpg,2.783333333333333
mty177.jpg,2.3666666666666667
fty782.jpg,2.816666666666667
fty1691.jpg,3.3
mty1613.jpg,4.233333333333333
mty1384.jpg,2.466666666666667
mty477.jpg,3.05
fty1941.jpg,3.1333333333333333
mty644.jpg,2.8
mty1712.jpg,4.333333333333333
fty841.jpg,2.4166666666666665
mty222.jpg,1.85
mty105.jpg,3.316666666666667
mty216.jpg,2.9
mty744.jpg,2.95
mty1871.jpg,2.95
mty791.jpg,2.5
fty597.jpg,2.9166666666666665
fty820.jpg,2.9
mty1820.jpg,2.2
mty285.jpg,2.8833333333333333
fty978.jpg,2.05
fty1619.jpg,1.6333333333333333
fty864.jpg,2.6666666666666665
fty1075.jpg,3.9
fty215.jpg,2.533333333333333
mty1226.jpg,2.8
fty800.jpg,2.0166666666666666
mty1187.jpg,2.833333333333333
fty1890.jpg,1.15
mty652.jpg,2.566666666666667
fty116.jpg,1.9833333333333327
mty1945.jpg,3.3
mty877.jpg,2.466666666666667
mty1178.jpg,2.1333333333333333
fty746.jpg,3.2666666666666666
mty1723.jpg,4.283333333333333
fty688.jpg,1.6166666666666667
fty384.jpg,2.033333333333333
fty172.jpg,2.3833333333333333
mty1448.jpg,2.5
mty564.jpg,2.716666666666667
mty1636.jpg,4.3
fty1760.jpg,2.283333333333333
fty1379.jpg,2.7333333333333334
mty1203.jpg,2.833333333333333
fty1757.jpg,2.783333333333333
mty1756.jpg,3.583333333333333
mty1956.jpg,3.933333333333333
mty1792.jpg,3.333333333333333
fty1878.jpg,3.983333333333333
fty415.jpg,2.55
mty554.jpg,2.6
fty231.jpg,2.6666666666666665
fty927.jpg,3.1666666666666665
fty997.jpg,3.733333333333333
fty367.jpg,2.6
mty1658.jpg,3.466666666666667
fty1147.jpg,3.55
fty1779.jpg,3.683333333333333
fty273.jpg,2.533333333333333
mty824.jpg,2.45
mty1380.jpg,2.833333333333333
fty1580.jpg,3.466666666666667
fty293.jpg,2.566666666666667
mty73.jpg,1.9
fty383.jpg,2.4833333333333334
fty341.jpg,2.4833333333333334
fty368.jpg,2.6
mty953.jpg,2.95
fty1693.jpg,3.9
fty1982.jpg,3.2666666666666666
mty1267.jpg,2.2
mty1080.jpg,2.6166666666666667
fty827.jpg,2.933333333333333
fty694.jpg,1.6166666666666667
mty1698.jpg,4.4
fty1449.jpg,3.85
mty1894.jpg,4.433333333333334
mty869.jpg,2.15
fty264.jpg,2.583333333333333
mty1747.jpg,2.95
mty819.jpg,2.8666666666666667
mty1372.jpg,2.4833333333333334
mty684.jpg,3.0166666666666666
fty731.jpg,3.966666666666667
fty704.jpg,2.6166666666666667
mty868.jpg,1.8166666666666669
fty1922.jpg,3.3833333333333333
fty1091.jpg,2.9166666666666665
mty715.jpg,2.6166666666666667
fty1351.jpg,2.45
mty1568.jpg,4.033333333333333
fty390.jpg,2.683333333333333
fty741.jpg,2.6166666666666667
mty1539.jpg,2.4833333333333334
mty860.jpg,2.833333333333333
fty952.jpg,3.2666666666666666
fty871.jpg,2.8
fty15.jpg,2.8
fty1420.jpg,3.433333333333333
fty351.jpg,2.533333333333333
fty1494.jpg,3.7
mty1437.jpg,3.2
mty50.jpg,3.45
mty586.jpg,2.65
fty1110.jpg,4.233333333333333
mty1045.jpg,2.0
mty52.jpg,1.9833333333333327
fty1031.jpg,4.033333333333333
mty192.jpg,2.6166666666666667
mty1135.jpg,2.3
fty404.jpg,2.6333333333333333
mty1657.jpg,4.1
mty1407.jpg,2.4833333333333334
mty1681.jpg,4.1
fty1533.jpg,4.116666666666666
fty142.jpg,2.1666666666666665
fty926.jpg,3.933333333333333
fty553.jpg,2.95
mty1036.jpg,1.9833333333333327
fty1571.jpg,3.7
fty1011.jpg,3.1
fty1881.jpg,3.6333333333333333
mty737.jpg,2.9166666666666665
fty1673.jpg,3.95
mty294.jpg,2.65
mty1914.jpg,3.3833333333333333
fty125.jpg,2.85
fty622.jpg,2.2
fty1177.jpg,3.683333333333333
mty309.jpg,2.65
mty1580.jpg,4.05
fty1944.jpg,3.216666666666667
mty990.jpg,2.716666666666667
fty1694.jpg,3.65
fty1912.jpg,4.033333333333333
fty1750.jpg,1.7833333333333334
mty1817.jpg,3.1166666666666667
mty909.jpg,2.533333333333333
fty1317.jpg,4.033333333333333
mty1866.jpg,3.216666666666667
mty1322.jpg,2.2
mty1415.jpg,2.183333333333333
fty1008.jpg,2.783333333333333
fty667.jpg,2.3
fty1373.jpg,2.783333333333333
fty1804.jpg,3.65
mty1710.jpg,4.066666666666666
mty1674.jpg,4.233333333333333
mty364.jpg,2.466666666666667
mty848.jpg,2.5166666666666666
fty95.jpg,2.533333333333333
mty47.jpg,3.0166666666666666
fty431.jpg,2.933333333333333
fty1415.jpg,1.7333333333333334
fty1044.jpg,2.9833333333333334
fty845.jpg,3.2333333333333334
fty1671.jpg,3.5
mty1480.jpg,1.8666666666666667
fty1127.jpg,2.8666666666666667
fty1359.jpg,3.9166666666666665
fty946.jpg,3.5166666666666666
fty1306.jpg,2.033333333333333
fty1784.jpg,3.05
fty1884.jpg,2.7333333333333334
fty525.jpg,2.283333333333333
fty382.jpg,2.1166666666666667
mty1271.jpg,2.45
fty1897.jpg,3.95
mty138.jpg,3.2333333333333334
mty1334.jpg,2.1
mty549.jpg,1.933333333333333
mty864.jpg,2.85
fty153.jpg,2.1333333333333333
mty474.jpg,2.466666666666667
fty1381.jpg,3.6333333333333333
mty507.jpg,2.6333333333333333
mty579.jpg,2.6333333333333333
mty1520.jpg,2.6666666666666665
mty506.jpg,2.55
fty768.jpg,3.0166666666666666
fty1780.jpg,3.683333333333333
mty384.jpg,3.2
mty1244.jpg,2.3
fty1665.jpg,3.616666666666666
mty504.jpg,2.5
fty232.jpg,1.9833333333333327
fty516.jpg,2.7666666666666666
mty1405.jpg,2.6
mty1599.jpg,3.6666666666666665
fty64.jpg,2.3
fty263.jpg,3.2
fty1055.jpg,3.45
fty1489.jpg,3.1
fty107.jpg,1.8833333333333333
mty1612.jpg,3.9
fty762.jpg,4.033333333333333
mty1695.jpg,3.066666666666667
fty506.jpg,2.9833333333333334
fty1282.jpg,3.466666666666667
mty821.jpg,1.9166666666666667
fty988.jpg,2.433333333333333
mty1901.jpg,2.6333333333333333
mty39.jpg,3.683333333333333
mty1206.jpg,2.2666666666666666
mty731.jpg,2.833333333333333
mty428.jpg,2.6666666666666665
fty370.jpg,2.5166666666666666
fty853.jpg,2.5166666666666666
mty1517.jpg,2.3833333333333333
fty1360.jpg,3.8833333333333333
mty598.jpg,2.566666666666667
mty398.jpg,2.75
mty1044.jpg,2.7333333333333334
fty1374.jpg,4.3
fty479.jpg,2.55
fty1048.jpg,3.15
mty1242.jpg,1.933333333333333
mty1209.jpg,2.466666666666667
fty968.jpg,2.3
mty1177.jpg,2.0
fty1860.jpg,3.216666666666667
mty1478.jpg,2.3
mty1149.jpg,1.8166666666666669
fty796.jpg,2.566666666666667
mty955.jpg,2.6666666666666665
mty1428.jpg,2.533333333333333
mty1594.jpg,3.5
mty450.jpg,2.1
fty847.jpg,2.75
fty257.jpg,2.3833333333333333
fty1741.jpg,3.8833333333333333
fty1925.jpg,3.35
fty972.jpg,4.366666666666666
fty1834.jpg,3.8
fty1748.jpg,3.8833333333333333
fty1929.jpg,3.7
mty770.jpg,2.1666666666666665
fty4.jpg,2.683333333333333
fty739.jpg,2.45
fty1513.jpg,3.716666666666667
fty387.jpg,2.283333333333333
fty713.jpg,2.533333333333333
fty438.jpg,2.7
mty1638.jpg,4.2
fty31.jpg,3.183333333333333
mty85.jpg,1.95
fty271.jpg,3.2333333333333334
fty775.jpg,2.4833333333333334
mty703.jpg,2.716666666666667
fty468.jpg,2.683333333333333
mty77.jpg,4.2
mty1126.jpg,2.4
mty1374.jpg,2.65
mty1138.jpg,2.583333333333333
fty1675.jpg,4.5
fty641.jpg,2.4833333333333334
mty396.jpg,2.583333333333333
fty1276.jpg,2.0166666666666666
mty521.jpg,2.55
fty1517.jpg,3.433333333333333
mty1730.jpg,3.433333333333333
mty714.jpg,2.8666666666666667
fty894.jpg,3.1666666666666665
mty417.jpg,2.966666666666667
fty1593.jpg,4.15
fty1679.jpg,2.9833333333333334
fty202.jpg,2.65
fty127.jpg,2.9
mty1872.jpg,3.2666666666666666
mty1114.jpg,3.316666666666667
mty508.jpg,3.15
mty473.jpg,1.9166666666666667
fty190.jpg,2.05
mty440.jpg,1.7666666666666666
fty1242.jpg,4.15
mty375.jpg,2.816666666666667
fty1053.jpg,2.6666666666666665
fty604.jpg,2.8
fty785.jpg,2.6666666666666665
mty437.jpg,2.333333333333333
fty1866.jpg,1.45
mty1231.jpg,1.95
mty372.jpg,2.1333333333333333
mty487.jpg,2.183333333333333
mty1251.jpg,2.85
fty22.jpg,2.4166666666666665
fty625.jpg,3.1
mty1089.jpg,1.9666666666666663
mty1269.jpg,2.3
fty943.jpg,2.3833333333333333
mty1467.jpg,2.966666666666667
fty1701.jpg,3.333333333333333
fty425.jpg,2.466666666666667
mty261.jpg,2.7
fty1116.jpg,4.016666666666667
mty1378.jpg,2.6666666666666665
mty1365.jpg,2.55
mty1333.jpg,2.55
mty1979.jpg,3.183333333333333
mty1693.jpg,4.266666666666667
mty1662.jpg,4.283333333333333
mty1127.jpg,2.783333333333333
fty1135.jpg,3.4
mty252.jpg,2.2333333333333334
fty1313.jpg,2.5166666666666666
mty1028.jpg,2.25
mty724.jpg,1.9833333333333327
fty1002.jpg,2.6166666666666667
fty818.jpg,3.05
mty394.jpg,1.8166666666666669
mty640.jpg,2.85
fty474.jpg,2.183333333333333
fty1214.jpg,3.1166666666666667
mty1324.jpg,2.6
fty1797.jpg,3.1666666666666665
fty1551.jpg,3.616666666666666
mty1535.jpg,2.066666666666667
fty1500.jpg,4.45
mty1154.jpg,2.95
mty944.jpg,1.7833333333333334
mty913.jpg,2.3833333333333333
fty683.jpg,2.8666666666666667
mty1777.jpg,3.7
mty1268.jpg,2.45
mty500.jpg,2.55
mty932.jpg,2.35
mty1236.jpg,2.1666666666666665
fty657.jpg,2.4166666666666665
fty45.jpg,2.6666666666666665
fty1867.jpg,4.016666666666667
mty945.jpg,2.183333333333333
mty1781.jpg,2.95
mty805.jpg,2.15
mty1388.jpg,2.7333333333333334
fty1460.jpg,3.6666666666666665
fty326.jpg,2.833333333333333
mty1342.jpg,2.583333333333333
mty82.jpg,2.9166666666666665
fty536.jpg,1.85
fty1545.jpg,4.216666666666667
fty880.jpg,3.783333333333333
fty151.jpg,2.2666666666666666
mty1013.jpg,2.7666666666666666
fty14.jpg,1.7166666666666666
fty1821.jpg,3.4833333333333334
mty707.jpg,1.8
fty974.jpg,2.716666666666667
mty1235.jpg,2.283333333333333
fty36.jpg,2.4833333333333334
fty1442.jpg,3.683333333333333
mty1608.jpg,4.266666666666667
fty256.jpg,2.8
mty166.jpg,2.25
mty889.jpg,2.1
mty912.jpg,2.65
mty1076.jpg,2.716666666666667
fty758.jpg,3.733333333333333
fty254.jpg,3.183333333333333
mty1680.jpg,3.35
fty1987.jpg,1.8
mty60.jpg,3.3
fty1885.jpg,2.716666666666667
fty161.jpg,1.95
fty558.jpg,2.333333333333333
mty401.jpg,2.466666666666667
fty1162.jpg,4.1
fty1356.jpg,3.3
fty250.jpg,2.716666666666667
fty725.jpg,2.533333333333333
mty636.jpg,1.8833333333333333
fty1602.jpg,3.7
mty1469.jpg,3.866666666666666
mty325.jpg,3.65
fty581.jpg,2.8666666666666667
fty452.jpg,2.6166666666666667
fty1643.jpg,3.616666666666666
fty200.jpg,2.333333333333333
mty1700.jpg,4.183333333333334
mty1763.jpg,3.75
fty701.jpg,3.066666666666667
mty1094.jpg,2.75
fty1656.jpg,4.05
fty1340.jpg,3.9
fty1662.jpg,3.2333333333333334
mty318.jpg,3.566666666666667
fty209.jpg,2.7333333333333334
mty796.jpg,2.466666666666667
mty1446.jpg,2.7333333333333334
mty1753.jpg,3.45
mty1774.jpg,3.75
fty453.jpg,4.1
mty1552.jpg,2.583333333333333
mty1892.jpg,4.133333333333334
mty361.jpg,2.6666666666666665
fty1698.jpg,3.25
fty656.jpg,2.6
fty902.jpg,3.4833333333333334
mty208.jpg,4.216666666666667
fty1852.jpg,3.8333333333333335
mty1232.jpg,2.45
fty131.jpg,2.816666666666667
fty843.jpg,2.4166666666666665
fty834.jpg,2.6166666666666667
mty1521.jpg,1.85
mty225.jpg,2.1
mty218.jpg,4.016666666666667
fty1128.jpg,2.533333333333333
mty1148.jpg,2.6
fty1092.jpg,2.25
fty1715.jpg,2.583333333333333
fty1919.jpg,4.016666666666667
mty422.jpg,2.5
fty1907.jpg,2.966666666666667
fty634.jpg,3.3833333333333333
mty806.jpg,2.4
mty1724.jpg,4.366666666666666
mty1952.jpg,4.116666666666666
fty529.jpg,2.55
fty1353.jpg,2.9166666666666665
mty460.jpg,3.25
fty1111.jpg,2.3833333333333333
mty33.jpg,2.433333333333333
mty100.jpg,2.0166666666666666
mty86.jpg,3.2666666666666666
mty1917.jpg,2.466666666666667
mty1134.jpg,2.8
fty977.jpg,3.583333333333333
fty444.jpg,3.1666666666666665
mty1834.jpg,3.5166666666666666
fty1785.jpg,3.5166666666666666
mty1870.jpg,2.566666666666667
fty1895.jpg,3.8
fty957.jpg,3.0166666666666666
fty462.jpg,2.65
mty8.jpg,4.35
mty1074.jpg,2.6
fty89.jpg,1.65
fty542.jpg,3.1166666666666667
fty1666.jpg,3.466666666666667
fty659.jpg,2.55
fty771.jpg,2.583333333333333
mty1402.jpg,3.15
fty1184.jpg,2.333333333333333
fty1217.jpg,3.216666666666667
fty1802.jpg,3.85
mty922.jpg,2.6333333333333333
mty891.jpg,2.716666666666667
fty684.jpg,2.85
fty266.jpg,2.4
fty252.jpg,2.783333333333333
fty460.jpg,2.6333333333333333
fty44.jpg,2.783333333333333
fty1661.jpg,3.683333333333333
mty1075.jpg,2.6333333333333333
fty1080.jpg,3.9166666666666665
mty1253.jpg,2.4833333333333334
mty229.jpg,2.6166666666666667
fty65.jpg,2.9166666666666665
fty1939.jpg,3.433333333333333
fty1295.jpg,4.083333333333333
fty1192.jpg,2.9833333333333334
fty1383.jpg,2.033333333333333
mty339.jpg,2.4166666666666665
fty40.jpg,2.583333333333333
mty1500.jpg,2.6
fty551.jpg,3.733333333333333
fty1670.jpg,3.966666666666667
fty721.jpg,2.6
fty347.jpg,2.716666666666667
mty1890.jpg,3.1666666666666665
fty1810.jpg,2.583333333333333
fty687.jpg,2.7333333333333334
mty1060.jpg,2.066666666666667
fty918.jpg,2.283333333333333
fty303.jpg,2.9
fty1556.jpg,3.2333333333333334
mty1330.jpg,2.833333333333333
mty1672.jpg,2.966666666666667
mty1530.jpg,2.6166666666666667
mty349.jpg,2.716666666666667
fty526.jpg,3.1166666666666667
fty305.jpg,1.8333333333333333
mty1037.jpg,2.2666666666666666
mty355.jpg,2.65
fty1033.jpg,2.2666666666666666
fty1589.jpg,3.716666666666667
mty941.jpg,2.4
mty985.jpg,3.2333333333333334
mty1814.jpg,2.433333333333333
fty859.jpg,3.1166666666666667
mty926.jpg,2.35
mty974.jpg,2.4833333333333334
mty1191.jpg,2.533333333333333
fty300.jpg,4.183333333333334
mty1742.jpg,4.283333333333333
mty1399.jpg,2.7666666666666666
fty464.jpg,3.316666666666667
mty1477.jpg,2.5
mty1507.jpg,2.533333333333333
mty467.jpg,2.35
fty316.jpg,2.433333333333333
fty728.jpg,1.6166666666666667
fty1025.jpg,1.8666666666666667
mty441.jpg,2.066666666666667
mty1.jpg,3.95
fty1870.jpg,2.9833333333333334
mty998.jpg,2.583333333333333
fty1094.jpg,4.066666666666666
mty1475.jpg,2.833333333333333
fty1809.jpg,2.8666666666666667
mty491.jpg,2.4
mty49.jpg,4.0
mty341.jpg,2.25
mty1822.jpg,3.933333333333333
fty601.jpg,2.25
fty1899.jpg,2.9166666666666665
fty411.jpg,2.4166666666666665
fty466.jpg,2.95
mty1572.jpg,4.3
fty1245.jpg,2.833333333333333
fty561.jpg,4.066666666666666
mty515.jpg,2.6333333333333333
fty2.jpg,3.95
mty1974.jpg,3.616666666666666
mty1706.jpg,2.6
fty907.jpg,2.1
fty1504.jpg,3.333333333333333
fty1660.jpg,3.7
mty430.jpg,2.8833333333333333
fty778.jpg,2.8
mty68.jpg,4.033333333333333
fty747.jpg,2.533333333333333
mty887.jpg,2.3666666666666667
mty789.jpg,2.3666666666666667
fty480.jpg,3.1166666666666667
mty629.jpg,2.9
mty1264.jpg,3.0
mty575.jpg,2.9
fty1688.jpg,4.266666666666667
fty951.jpg,2.9833333333333334
fty1209.jpg,3.2666666666666666
fty30.jpg,3.1
mty929.jpg,2.4166666666666665
fty1927.jpg,4.2
fty1228.jpg,3.333333333333333
fty879.jpg,2.7
fty1762.jpg,3.783333333333333
fty1396.jpg,4.05
mty367.jpg,2.9
mty1304.jpg,2.3833333333333333
mty314.jpg,2.8833333333333333
fty624.jpg,2.7
mty1678.jpg,4.0
mty1788.jpg,2.066666666666667
mty1150.jpg,2.2
fty1435.jpg,2.7
mty1826.jpg,2.8
mty1353.jpg,2.4
fty950.jpg,3.566666666666667
fty980.jpg,3.933333333333333
fty1113.jpg,3.35
mty1597.jpg,4.3
fty1730.jpg,4.066666666666666
mty958.jpg,2.316666666666667
mty36.jpg,4.366666666666666
fty819.jpg,2.966666666666667
mty925.jpg,2.6333333333333333
mty88.jpg,3.6
fty967.jpg,3.9
mty1146.jpg,2.7333333333333334
fty1176.jpg,2.3666666666666667
mty1524.jpg,2.816666666666667
mty1030.jpg,2.6166666666666667
mty1562.jpg,3.866666666666666
mty1797.jpg,3.333333333333333
mty1738.jpg,3.583333333333333
fty1207.jpg,4.05
fty463.jpg,2.316666666666667
fty1093.jpg,3.6333333333333333
mty1653.jpg,3.183333333333333
fty1707.jpg,3.1
fty320.jpg,2.333333333333333
mty1944.jpg,4.266666666666667
mty348.jpg,2.066666666666667
mty533.jpg,2.9
mty58.jpg,2.433333333333333
mty555.jpg,2.1
fty3.jpg,3.183333333333333
fty1955.jpg,3.8833333333333333
fty1718.jpg,3.75
fty321.jpg,2.4166666666666665
fty1041.jpg,2.3833333333333333
fty803.jpg,2.8
mty1874.jpg,2.3666666666666667
fty102.jpg,2.8
fty199.jpg,2.683333333333333
mty542.jpg,1.933333333333333
mty1139.jpg,2.35
fty490.jpg,2.3
mty861.jpg,2.6
mty771.jpg,2.333333333333333
mty279.jpg,2.35
mty1767.jpg,2.1
fty55.jpg,2.25
fty1141.jpg,3.15
mty1981.jpg,3.8833333333333333
mty982.jpg,2.683333333333333
fty1138.jpg,2.333333333333333
mty1173.jpg,1.9
mty1759.jpg,4.016666666666667
mty1064.jpg,4.133333333333334
fty1357.jpg,4.283333333333333
fty201.jpg,2.95
fty1555.jpg,3.1666666666666665
fty169.jpg,2.333333333333333
mty939.jpg,2.683333333333333
fty1366.jpg,3.533333333333333
fty1880.jpg,2.466666666666667
mty1063.jpg,2.0166666666666666
mty1677.jpg,4.083333333333333
mty1486.jpg,2.583333333333333
fty1281.jpg,3.0166666666666666
mty963.jpg,3.1
mty1451.jpg,2.3833333333333333
mty1982.jpg,3.05
mty69.jpg,2.933333333333333
mty26.jpg,1.9666666666666663
mty1408.jpg,2.533333333333333
fty734.jpg,2.95
fty1308.jpg,3.55
mty882.jpg,2.783333333333333
fty1814.jpg,3.1166666666666667
mty1164.jpg,2.716666666666667
mty1588.jpg,3.9166666666666665
mty1022.jpg,1.9833333333333327
fty935.jpg,2.9
mty1746.jpg,4.216666666666667
fty1552.jpg,3.5
mty1726.jpg,3.566666666666667
mty432.jpg,2.55
mty1310.jpg,2.6166666666666667
mty1632.jpg,3.95
mty1542.jpg,2.85
mty1831.jpg,3.5166666666666666
fty575.jpg,2.9166666666666665
mty104.jpg,3.75
mty740.jpg,2.7
mty351.jpg,3.0
mty1288.jpg,1.95
fty1847.jpg,3.4
mty525.jpg,2.716666666666667
fty1541.jpg,3.55
fty1286.jpg,3.9
mty362.jpg,2.5
fty532.jpg,2.15
mty1526.jpg,2.9166666666666665
mty165.jpg,2.716666666666667
fty650.jpg,2.45
mty777.jpg,2.5166666666666666
mty185.jpg,2.4
mty1772.jpg,3.4
fty1232.jpg,3.183333333333333
fty1344.jpg,3.716666666666667
fty870.jpg,2.6
mty788.jpg,2.683333333333333
fty648.jpg,2.6666666666666665
mty541.jpg,2.683333333333333
fty945.jpg,3.2
fty1480.jpg,2.7333333333333334
mty751.jpg,2.533333333333333
fty627.jpg,2.533333333333333
mty1081.jpg,2.1666666666666665
mty1335.jpg,2.833333333333333
fty1800.jpg,3.4833333333333334
fty593.jpg,3.783333333333333
fty1387.jpg,4.016666666666667
fty458.jpg,2.55
fty389.jpg,2.833333333333333
mty588.jpg,2.433333333333333
mty897.jpg,2.5166666666666666
mty1308.jpg,2.333333333333333
fty456.jpg,2.65
fty1777.jpg,3.683333333333333
mty31.jpg,3.8833333333333333
mty485.jpg,2.5
mty1005.jpg,2.45
fty1498.jpg,4.066666666666666
mty1878.jpg,3.95
mty201.jpg,3.1166666666666667
mty874.jpg,2.3
fty817.jpg,2.6666666666666665
mty231.jpg,2.6
fty448.jpg,2.683333333333333
fty417.jpg,2.933333333333333
fty152.jpg,2.683333333333333
fty838.jpg,4.216666666666667
mty1023.jpg,2.4833333333333334
fty23.jpg,3.3
mty1217.jpg,2.9
mty42.jpg,3.566666666666667
mty1228.jpg,2.3666666666666667
mty1261.jpg,2.566666666666667
mty250.jpg,2.8
fty195.jpg,2.9
fty1644.jpg,3.816666666666667
fty995.jpg,3.0166666666666666
fty1633.jpg,1.6333333333333333
mty1183.jpg,2.8
fty81.jpg,2.1166666666666667
fty910.jpg,3.216666666666667
mty505.jpg,1.65
fty158.jpg,2.5166666666666666
fty808.jpg,2.1
mty1294.jpg,2.433333333333333
fty1402.jpg,3.8333333333333335
fty1414.jpg,3.733333333333333
mty442.jpg,2.6
fty185.jpg,2.15
fty67.jpg,3.083333333333333
fty975.jpg,2.466666666666667
fty1971.jpg,1.933333333333333
mty1876.jpg,3.1
fty1072.jpg,3.2333333333333334
mty854.jpg,2.5
mty317.jpg,2.55
fty1773.jpg,2.566666666666667
mty610.jpg,2.933333333333333
fty17.jpg,2.933333333333333
mty1011.jpg,2.75
fty1739.jpg,2.283333333333333
mty1959.jpg,3.75
fty1430.jpg,3.8833333333333333
mty1906.jpg,3.066666666666667
fty569.jpg,3.716666666666667
fty1832.jpg,4.083333333333333
fty1182.jpg,2.9166666666666665
mty124.jpg,4.45
mty1900.jpg,3.3833333333333333
fty357.jpg,2.533333333333333
mty9.jpg,3.9166666666666665
mty109.jpg,3.333333333333333
mty1852.jpg,4.033333333333333
mty72.jpg,3.616666666666666
mty552.jpg,2.4166666666666665
fty1554.jpg,4.233333333333333
mty1549.jpg,2.2666666666666666
mty1889.jpg,3.6
fty1292.jpg,3.1666666666666665
mty463.jpg,2.933333333333333
fty588.jpg,3.0166666666666666
fty1910.jpg,3.65
fty789.jpg,1.5333333333333334
fty1122.jpg,3.6
fty691.jpg,2.4833333333333334
fty1010.jpg,2.583333333333333
mty842.jpg,2.9
fty548.jpg,3.616666666666666
fty574.jpg,2.9166666666666665
mty1344.jpg,2.7
fty1148.jpg,3.816666666666667
mty748.jpg,2.95
mty391.jpg,2.9166666666666665
fty706.jpg,1.9166666666666667
mty986.jpg,2.183333333333333
mty1725.jpg,3.25
mty1277.jpg,2.216666666666667
fty1958.jpg,4.05
fty1001.jpg,3.733333333333333
fty1957.jpg,3.4
mty612.jpg,2.783333333333333
mty1583.jpg,1.35
mty1534.jpg,2.4166666666666665
fty1056.jpg,4.216666666666667
fty1737.jpg,3.716666666666667
fty1996.jpg,1.6
fty1618.jpg,2.533333333333333
mty160.jpg,4.183333333333334
fty567.jpg,3.5
mty635.jpg,2.7
fty960.jpg,2.4166666666666665
mty899.jpg,2.6666666666666665
mty144.jpg,3.216666666666667
fty1352.jpg,3.466666666666667
fty1369.jpg,2.5
fty1749.jpg,3.1666666666666665
fty80.jpg,2.8666666666666667
fty403.jpg,2.6333333333333333
mty1939.jpg,3.8
fty1416.jpg,3.3833333333333333
mty219.jpg,2.5
mty200.jpg,2.333333333333333
mty1357.jpg,2.566666666666667
mty1450.jpg,2.6666666666666665
fty1096.jpg,2.3666666666666667
mty1260.jpg,2.55
mty1055.jpg,2.4833333333333334
mty717.jpg,2.1333333333333333
fty773.jpg,2.5166666666666666
mty825.jpg,2.816666666666667
mty583.jpg,2.833333333333333
fty646.jpg,3.6333333333333333
mty1375.jpg,2.8833333333333333
mty408.jpg,2.3
fty639.jpg,4.183333333333334
fty515.jpg,3.2666666666666666
mty1487.jpg,2.45
fty77.jpg,2.6666666666666665
fty1973.jpg,4.75
fty1966.jpg,3.8
mty1491.jpg,2.6
mty3.jpg,4.05
fty794.jpg,3.2333333333333334
mty300.jpg,2.433333333333333
mty115.jpg,1.9
fty1424.jpg,2.9833333333333334
fty1991.jpg,2.0166666666666666
fty1883.jpg,3.1333333333333333
mty1592.jpg,3.8
fty613.jpg,2.083333333333333
fty1956.jpg,3.5166666666666666
fty180.jpg,2.8
fty1984.jpg,2.333333333333333
mty996.jpg,2.05
fty1074.jpg,3.1166666666666667
fty685.jpg,4.366666666666666
fty1995.jpg,1.3166666666666669
mty716.jpg,2.716666666666667
fty93.jpg,2.533333333333333
mty1548.jpg,2.3833333333333333
mty347.jpg,2.433333333333333
mty74.jpg,1.6
mty1545.jpg,2.716666666666667
mty970.jpg,2.9
fty409.jpg,4.183333333333334
fty1776.jpg,3.2333333333333334
mty1471.jpg,2.3
mty24.jpg,3.1333333333333333
fty1337.jpg,2.466666666666667
mty1043.jpg,3.733333333333333
mty1785.jpg,3.0
mty1630.jpg,4.083333333333333
fty1774.jpg,3.0166666666666666
mty492.jpg,2.4
fty1612.jpg,3.866666666666666
fty791.jpg,2.683333333333333
mty1617.jpg,3.7
mty1238.jpg,2.8
mty907.jpg,2.783333333333333
mty1234.jpg,2.15
fty13.jpg,3.35
fty858.jpg,3.95
fty1576.jpg,3.35
fty672.jpg,2.466666666666667
mty20.jpg,1.9
mty1355.jpg,2.8
mty697.jpg,2.966666666666667
fty1578.jpg,2.7666666666666666
mty1577.jpg,2.65
fty478.jpg,2.933333333333333
mty666.jpg,2.816666666666667
mty102.jpg,2.933333333333333
mty1406.jpg,2.683333333333333
mty599.jpg,2.0
fty736.jpg,2.15
fty1857.jpg,4.233333333333333
mty1578.jpg,3.466666666666667
fty540.jpg,2.5
mty1627.jpg,3.5166666666666666
mty843.jpg,2.466666666666667
mty112.jpg,4.133333333333334
fty615.jpg,2.6666666666666665
fty1043.jpg,2.5166666666666666
fty1238.jpg,3.2
mty1185.jpg,2.833333333333333
fty519.jpg,2.783333333333333
fty244.jpg,4.216666666666667
mty358.jpg,2.5
mty1604.jpg,3.966666666666667
fty405.jpg,2.8
mty1482.jpg,2.1666666666666665
mty637.jpg,2.933333333333333
fty1.jpg,2.333333333333333
fty510.jpg,3.733333333333333
mty572.jpg,2.85
fty124.jpg,2.566666666666667
mty1272.jpg,2.05
fty921.jpg,4.1
mty205.jpg,4.25
fty804.jpg,2.833333333333333
fty395.jpg,4.033333333333333
mty1068.jpg,2.0166666666666666
mty1804.jpg,2.6166666666666667
fty1051.jpg,2.7
mty1107.jpg,2.083333333333333
fty722.jpg,4.2
fty1818.jpg,3.25
fty33.jpg,2.7
mty1391.jpg,2.45
fty1104.jpg,4.133333333333334
fty1358.jpg,2.4166666666666665
fty223.jpg,2.35
mty466.jpg,2.7333333333333334
fty1990.jpg,4.166666666666667
mty140.jpg,3.1166666666666667
mty1801.jpg,4.45
fty170.jpg,2.3833333333333333
fty120.jpg,2.3666666666666667
fty117.jpg,2.4
mty488.jpg,2.066666666666667
mty1553.jpg,2.85
mty1072.jpg,3.05
mty561.jpg,2.833333333333333
fty1032.jpg,3.316666666666667
fty1629.jpg,4.033333333333333
fty1700.jpg,3.05
fty1782.jpg,3.25
fty1798.jpg,3.466666666666667
fty1165.jpg,3.066666666666667
mty1802.jpg,4.383333333333334
mty859.jpg,2.8666666666666667
fty1427.jpg,3.566666666666667
mty648.jpg,2.583333333333333
mty236.jpg,1.7333333333333334
fty414.jpg,2.35
fty1669.jpg,4.0
mty1851.jpg,4.066666666666666
fty1658.jpg,3.1333333333333333
mty1412.jpg,2.816666666666667
mty235.jpg,2.333333333333333
fty451.jpg,3.0166666666666666
mty495.jpg,2.033333333333333
mty627.jpg,2.6166666666666667
mty1192.jpg,2.8833333333333333
fty472.jpg,3.0166666666666666
mty609.jpg,2.433333333333333
mty704.jpg,2.4833333333333334
fty1775.jpg,3.933333333333333
mty260.jpg,2.75
mty122.jpg,3.25
mty793.jpg,2.8666666666666667
fty1854.jpg,3.216666666666667
fty869.jpg,3.9166666666666665
mty1898.jpg,2.5166666666666666
fty1476.jpg,4.283333333333333
mty439.jpg,2.7
mty1912.jpg,2.95
fty1017.jpg,3.5
mty1999.jpg,3.4166666666666665
mty580.jpg,2.2
mty14.jpg,4.133333333333334
fty261.jpg,2.1333333333333333
fty1267.jpg,3.433333333333333
mty1286.jpg,2.65
fty1747.jpg,3.6
mty1861.jpg,2.583333333333333
fty1118.jpg,1.8333333333333333
mty211.jpg,2.083333333333333
mty1341.jpg,2.85
fty1391.jpg,2.966666666666667
fty530.jpg,2.833333333333333
fty197.jpg,1.95
mty356.jpg,2.65
mty1598.jpg,4.116666666666666
mty98.jpg,3.1166666666666667
fty386.jpg,3.0
fty189.jpg,2.4166666666666665
fty262.jpg,2.4
mty332.jpg,2.6666666666666665
mty814.jpg,2.3833333333333333
mty1969.jpg,3.7
mty1965.jpg,2.85
mty1755.jpg,3.15
mty1856.jpg,4.3
mty1498.jpg,3.066666666666667
fty823.jpg,2.966666666666667
mty1167.jpg,2.7333333333333334
fty1334.jpg,3.7666666666666666
mty1702.jpg,3.5
mty1109.jpg,2.15
mty462.jpg,2.45
mty1470.jpg,3.6
fty1227.jpg,3.433333333333333
mty416.jpg,2.75
mty146.jpg,2.966666666666667
fty1382.jpg,4.05
mty983.jpg,2.6333333333333333
fty781.jpg,2.5166666666666666
fty1046.jpg,2.283333333333333
mty1291.jpg,2.216666666666667
mty956.jpg,2.3833333333333333
mty84.jpg,3.566666666666667
fty1026.jpg,3.65
mty1941.jpg,3.533333333333333
fty1328.jpg,3.716666666666667
mty669.jpg,3.183333333333333
fty1934.jpg,2.45
mty1281.jpg,2.466666666666667
mty1626.jpg,4.1
mty1113.jpg,2.95
mty783.jpg,2.65
fty1935.jpg,1.4
fty6.jpg,1.5666666666666669
mty168.jpg,2.6
mty760.jpg,2.316666666666667
fty137.jpg,2.716666666666667
mty1170.jpg,2.15
fty629.jpg,2.8666666666666667
mty747.jpg,2.55
mty1387.jpg,2.066666666666667
fty1642.jpg,2.8
fty999.jpg,3.5
mty191.jpg,1.8166666666666669
fty1623.jpg,3.983333333333333
mty520.jpg,2.75
mty871.jpg,2.3
fty78.jpg,2.65
mty1927.jpg,3.8333333333333335
mty690.jpg,2.2333333333333334
fty27.jpg,2.6666666666666665
mty330.jpg,2.783333333333333
mty1339.jpg,2.2666666666666666
mty540.jpg,2.9166666666666665
mty1071.jpg,2.1166666666666667
mty1101.jpg,2.3833333333333333
fty959.jpg,3.35
fty805.jpg,2.45
mty262.jpg,3.183333333333333
fty141.jpg,2.333333333333333
mty1218.jpg,3.566666666666667
fty1422.jpg,3.966666666666667
fty1438.jpg,3.1666666666666665
mty345.jpg,2.25
fty1195.jpg,3.433333333333333
fty1793.jpg,4.016666666666667
mty38.jpg,3.1
mty209.jpg,3.716666666666667
fty310.jpg,2.4833333333333334
fty1467.jpg,3.716666666666667
fty917.jpg,1.4333333333333331
fty39.jpg,1.85
fty1441.jpg,2.95
fty1241.jpg,3.933333333333333
fty1164.jpg,2.9166666666666665
mty1803.jpg,2.716666666666667
fty35.jpg,2.7666666666666666
mty803.jpg,2.7666666666666666
mty350.jpg,2.35
mty1569.jpg,3.466666666666667
fty8.jpg,2.75
mty204.jpg,2.1
fty350.jpg,2.2666666666666666
fty1674.jpg,4.066666666666666
mty1222.jpg,2.816666666666667
mty1456.jpg,2.85
mty1899.jpg,2.6666666666666665
mty1197.jpg,2.216666666666667
fty611.jpg,2.7666666666666666
fty1170.jpg,4.283333333333333
mty1664.jpg,4.283333333333333
mty1400.jpg,2.9
fty994.jpg,3.6666666666666665
mty476.jpg,2.6666666666666665
fty689.jpg,2.533333333333333
mty1124.jpg,2.1166666666666667
mty534.jpg,2.85
mty176.jpg,2.3
mty1151.jpg,2.566666666666667
mty489.jpg,2.25
mty1283.jpg,2.9833333333333334
fty649.jpg,2.2
mty1908.jpg,2.1
fty1045.jpg,3.816666666666667
fty963.jpg,4.216666666666667
mty736.jpg,2.6333333333333333
mty1602.jpg,4.033333333333333
fty1713.jpg,3.8
mty199.jpg,3.8833333333333333
mty529.jpg,3.2666666666666666
mty157.jpg,3.6666666666666665
fty496.jpg,2.2333333333333334
fty113.jpg,3.3666666666666667
fty1395.jpg,3.816666666666667
fty275.jpg,2.6
mty1794.jpg,2.6
mty818.jpg,2.783333333333333
fty397.jpg,2.6666666666666665
fty989.jpg,2.4833333333333334
mty1506.jpg,2.6333333333333333
mty1364.jpg,2.3
mty316.jpg,2.683333333333333
fty1154.jpg,4.1
mty1125.jpg,2.0166666666666666
fty571.jpg,2.9
fty1516.jpg,3.466666666666667
mty1686.jpg,3.583333333333333
mty79.jpg,2.433333333333333
mty321.jpg,3.9
fty1230.jpg,2.0166666666666666
mty1111.jpg,2.216666666666667
fty1628.jpg,4.1
fty934.jpg,3.866666666666666
mty1158.jpg,2.8666666666666667
fty857.jpg,2.333333333333333
mty946.jpg,2.716666666666667
fty165.jpg,2.6
mty331.jpg,2.3833333333333333
mty702.jpg,2.6
fty1933.jpg,3.1166666666666667
fty1849.jpg,3.283333333333333
fty1458.jpg,3.8333333333333335
fty501.jpg,3.8333333333333335
fty1069.jpg,3.183333333333333
mty1462.jpg,2.1
mty649.jpg,3.616666666666666
fty1635.jpg,3.783333333333333
fty1027.jpg,3.983333333333333
mty1053.jpg,2.783333333333333
fty327.jpg,3.0166666666666666
mty1771.jpg,3.533333333333333
fty1512.jpg,2.9833333333333334
mty125.jpg,3.9
fty1377.jpg,3.6666666666666665
mty779.jpg,2.4
